pickup_datetime,dropoff_datetime,trip_distance,fare_amount,pickup_location_id,dropoff_location_id,vendor_id
2022-09-10 15:51:19.000000 UTC,2022-09-10 15:51:22.000000 UTC,0.01,2,121,121,2
2022-09-05 23:13:14.000000 UTC,2022-09-05 23:45:56.000000 UTC,11.7,0.08,93,74,2
2022-09-11 20:47:44.000000 UTC,2022-09-11 20:48:34.000000 UTC,0.24,0.2,130,130,2
2022-09-20 09:31:11.000000 UTC,2022-09-20 09:31:29.000000 UTC,0.04,0.65,40,40,2
2022-09-09 22:12:51.000000 UTC,2022-09-09 22:17:21.000000 UTC,0.1,0.01,93,93,1
2022-09-12 06:12:59.000000 UTC,2022-09-12 06:32:33.000000 UTC,4.4,0.01,65,209,1
2022-09-14 12:06:25.000000 UTC,2022-09-14 12:18:42.000000 UTC,2.1,0.01,66,87,1
2022-09-16 18:10:27.000000 UTC,2022-09-16 18:44:13.000000 UTC,6.2,0.01,75,243,1
2022-09-16 19:19:33.000000 UTC,2022-09-16 19:53:56.000000 UTC,2.2,0.01,41,74,1
2022-09-19 07:47:07.000000 UTC,2022-09-19 08:15:07.000000 UTC,3.5,0.01,145,237,1
2022-09-21 10:51:06.000000 UTC,2022-09-21 10:55:38.000000 UTC,0.7,0.01,80,80,1
2022-09-24 23:04:49.000000 UTC,2022-09-24 23:34:36.000000 UTC,5.3,0.01,36,45,1
2022-09-30 18:50:32.000000 UTC,2022-09-30 19:04:02.000000 UTC,4.2,0.01,196,138,1
2022-09-23 12:59:39.000000 UTC,2022-09-23 13:24:45.000000 UTC,4.32,0.25,35,181,2
2022-09-18 23:03:08.000000 UTC,2022-09-18 23:03:17.000000 UTC,0.05,0.83,7,7,2
2022-09-20 08:09:00.000000 UTC,2022-09-20 09:02:00.000000 UTC,9.33,30.72,71,134,2
2022-09-04 17:03:00.000000 UTC,2022-09-04 17:38:00.000000 UTC,6.58,30.72,188,55,2
2022-09-09 15:29:00.000000 UTC,2022-09-09 16:27:00.000000 UTC,5.95,30.72,189,39,2
2022-09-10 15:13:00.000000 UTC,2022-09-10 15:32:00.000000 UTC,7.32,30.72,66,178,2
2022-09-17 13:06:00.000000 UTC,2022-09-17 13:25:00.000000 UTC,9.29,30.72,164,138,2
2022-09-26 08:32:00.000000 UTC,2022-09-26 08:55:00.000000 UTC,8.07,30.72,42,138,2
2022-09-21 14:06:00.000000 UTC,2022-09-21 14:38:00.000000 UTC,9.87,35.84,244,211,2
2022-09-17 15:36:00.000000 UTC,2022-09-17 15:43:00.000000 UTC,1.03,10.24,260,83,2
2022-09-21 18:42:00.000000 UTC,2022-09-21 18:51:00.000000 UTC,1.62,10.24,193,145,2
2022-09-09 12:49:00.000000 UTC,2022-09-09 13:03:00.000000 UTC,2.07,10.24,169,241,2
2022-09-23 09:45:00.000000 UTC,2022-09-23 10:03:00.000000 UTC,1.38,10.24,74,75,2
2022-09-22 23:11:00.000000 UTC,2022-09-22 23:32:00.000000 UTC,2.97,15.36,166,262,2
2022-09-30 10:53:00.000000 UTC,2022-09-30 11:12:00.000000 UTC,5.11,20.48,52,112,2
2022-09-14 17:32:00.000000 UTC,2022-09-14 18:15:00.000000 UTC,6.11,25.6,65,198,2
2022-09-20 18:24:00.000000 UTC,2022-09-20 18:52:00.000000 UTC,5.16,25.6,72,256,2
2022-09-13 14:43:00.000000 UTC,2022-09-13 15:06:00.000000 UTC,1.73,13.54,189,25,2
2022-09-12 08:20:00.000000 UTC,2022-09-12 08:49:00.000000 UTC,4.4,18.66,116,75,2
2022-09-01 17:27:00.000000 UTC,2022-09-01 17:42:00.000000 UTC,3.28,18.66,166,141,2
2022-09-10 19:38:00.000000 UTC,2022-09-10 19:56:00.000000 UTC,6.32,23.78,74,212,2
2022-09-24 03:23:00.000000 UTC,2022-09-24 03:41:00.000000 UTC,4.93,23.78,255,141,2
2022-09-14 11:43:00.000000 UTC,2022-09-14 12:09:00.000000 UTC,5.7,23.78,244,142,2
2022-09-01 10:22:25.000000 UTC,2022-09-01 11:34:49.000000 UTC,14.62,54.5,82,22,2
2022-09-06 11:35:20.000000 UTC,2022-09-06 13:00:15.000000 UTC,13.17,54.5,21,55,2
2022-09-20 07:00:24.000000 UTC,2022-09-20 07:55:05.000000 UTC,16.93,54.5,55,55,2
2022-09-24 07:43:57.000000 UTC,2022-09-24 08:23:46.000000 UTC,19.2,54.5,95,50,2
2022-09-01 01:29:49.000000 UTC,2022-09-01 02:17:08.000000 UTC,18.96,54.5,93,87,2
2022-09-29 23:01:14.000000 UTC,2022-09-30 00:02:04.000000 UTC,16.22,54.5,166,227,2
2022-09-20 14:07:00.000000 UTC,2022-09-20 14:56:51.000000 UTC,18.6,54.5,74,132,1
2022-09-24 14:44:07.000000 UTC,2022-09-24 15:37:46.000000 UTC,18.27,54.5,33,132,2
2022-09-22 05:52:17.000000 UTC,2022-09-22 07:14:49.000000 UTC,13.9,54.5,91,161,2
2022-09-25 04:21:01.000000 UTC,2022-09-25 05:07:38.000000 UTC,17.89,54.5,223,83,2
2022-09-29 09:29:00.000000 UTC,2022-09-29 09:59:00.000000 UTC,5.1,28.9,116,43,2
2022-09-20 14:54:00.000000 UTC,2022-09-20 15:37:00.000000 UTC,4.63,28.9,55,89,2
2022-09-11 14:01:00.000000 UTC,2022-09-11 14:29:00.000000 UTC,7.3,34.02,244,163,2
2022-09-11 02:31:00.000000 UTC,2022-09-11 03:05:00.000000 UTC,8.77,34.02,80,41,2
2022-09-23 10:46:00.000000 UTC,2022-09-23 10:57:00.000000 UTC,2.14,8.42,210,29,2
2022-09-28 12:26:00.000000 UTC,2022-09-28 13:13:00.000000 UTC,7.89,39.14,89,113,2
2022-09-10 09:07:00.000000 UTC,2022-09-10 09:29:00.000000 UTC,7.18,27.08,74,90,2
2022-09-20 14:26:05.000000 UTC,2022-09-20 21:01:07.000000 UTC,41.24,237,223,223,2
2022-09-23 16:08:00.000000 UTC,2022-09-23 16:19:00.000000 UTC,2.09,11.72,74,236,2
2022-09-03 20:39:00.000000 UTC,2022-09-03 20:54:00.000000 UTC,3.5,16.84,25,256,2
2022-09-28 13:14:00.000000 UTC,2022-09-28 13:32:00.000000 UTC,3.18,16.84,74,239,2
2022-09-12 13:32:00.000000 UTC,2022-09-12 13:37:00.000000 UTC,1.24,9.9,193,145,2
2022-09-16 08:59:00.000000 UTC,2022-09-16 09:04:00.000000 UTC,0.87,9.9,7,193,2
2022-09-22 12:50:00.000000 UTC,2022-09-22 12:56:00.000000 UTC,1.3,9.9,193,145,2
2022-09-23 09:01:00.000000 UTC,2022-09-23 09:08:00.000000 UTC,1.02,9.9,7,193,2
2022-09-23 13:17:00.000000 UTC,2022-09-23 13:25:00.000000 UTC,1.29,9.9,193,145,2
2022-09-02 14:33:00.000000 UTC,2022-09-02 14:45:00.000000 UTC,1.55,9.9,25,189,2
2022-09-02 21:39:00.000000 UTC,2022-09-02 21:48:00.000000 UTC,1.86,9.9,95,28,2
2022-09-03 07:48:00.000000 UTC,2022-09-03 07:55:00.000000 UTC,1.34,9.9,41,74,2
2022-09-05 20:11:00.000000 UTC,2022-09-05 20:23:00.000000 UTC,1.8,9.9,61,49,2
2022-09-05 22:35:00.000000 UTC,2022-09-05 22:45:00.000000 UTC,1.83,9.9,116,166,2
2022-09-06 14:23:00.000000 UTC,2022-09-06 14:31:00.000000 UTC,1.01,9.9,74,41,2
2022-09-11 09:36:00.000000 UTC,2022-09-11 09:46:00.000000 UTC,1.76,9.9,166,116,2
2022-09-11 21:57:00.000000 UTC,2022-09-11 22:14:00.000000 UTC,2.11,9.9,42,74,2
2022-09-12 15:04:00.000000 UTC,2022-09-12 15:14:00.000000 UTC,1.63,9.9,55,108,2
2022-09-12 16:43:00.000000 UTC,2022-09-12 16:58:00.000000 UTC,1.91,9.9,25,33,2
2022-09-12 22:28:00.000000 UTC,2022-09-12 22:38:00.000000 UTC,1.78,9.9,116,166,2
2022-09-14 11:52:00.000000 UTC,2022-09-14 12:02:00.000000 UTC,1.67,9.9,42,166,2
2022-09-15 20:29:00.000000 UTC,2022-09-15 20:41:00.000000 UTC,1.95,9.9,166,75,2
2022-09-19 12:48:00.000000 UTC,2022-09-19 13:09:00.000000 UTC,1.7,9.9,189,52,2
2022-09-19 22:46:00.000000 UTC,2022-09-19 22:52:00.000000 UTC,0.93,9.9,181,181,2
2022-09-20 19:22:00.000000 UTC,2022-09-20 19:33:00.000000 UTC,1.92,9.9,226,146,2
2022-09-23 10:29:00.000000 UTC,2022-09-23 10:39:00.000000 UTC,1.53,9.9,75,166,2
2022-09-23 11:10:00.000000 UTC,2022-09-23 11:22:00.000000 UTC,1.53,9.9,166,74,2
2022-09-25 08:36:00.000000 UTC,2022-09-25 08:42:00.000000 UTC,1.05,9.9,49,189,2
2022-09-28 15:37:00.000000 UTC,2022-09-28 15:48:00.000000 UTC,1.83,9.9,152,24,2
2022-09-30 09:51:00.000000 UTC,2022-09-30 10:05:00.000000 UTC,1.21,9.9,52,33,2
2022-09-01 09:47:00.000000 UTC,2022-09-01 09:55:00.000000 UTC,1.33,9.9,191,265,2
2022-09-09 22:44:00.000000 UTC,2022-09-09 22:50:00.000000 UTC,0.33,9.9,247,247,2
2022-09-11 14:08:00.000000 UTC,2022-09-11 14:13:00.000000 UTC,0.84,9.9,37,198,2
2022-09-15 22:31:00.000000 UTC,2022-09-15 22:36:00.000000 UTC,0.92,9.9,168,74,2
2022-09-07 17:14:00.000000 UTC,2022-09-07 17:18:00.000000 UTC,0.94,9.9,193,193,2
2022-09-12 17:43:00.000000 UTC,2022-09-12 17:47:00.000000 UTC,0.9,9.9,193,193,2
2022-09-12 18:17:00.000000 UTC,2022-09-12 18:26:00.000000 UTC,1.42,9.9,193,145,2
2022-09-13 17:04:00.000000 UTC,2022-09-13 17:09:00.000000 UTC,0.8,9.9,193,7,2
2022-09-15 17:05:00.000000 UTC,2022-09-15 17:11:00.000000 UTC,0.92,9.9,193,193,2
2022-09-19 17:30:00.000000 UTC,2022-09-19 17:42:00.000000 UTC,1.76,9.9,193,145,2
2022-09-20 18:38:00.000000 UTC,2022-09-20 18:46:00.000000 UTC,0.98,9.9,193,145,2
2022-09-23 15:15:00.000000 UTC,2022-09-23 15:20:00.000000 UTC,0.99,9.9,193,193,2
2022-09-28 16:58:00.000000 UTC,2022-09-28 17:00:00.000000 UTC,0.17,9.9,193,193,2
2022-09-30 16:33:00.000000 UTC,2022-09-30 16:38:00.000000 UTC,1.01,9.9,193,193,2
2022-09-01 02:38:00.000000 UTC,2022-09-01 02:46:00.000000 UTC,1.67,9.9,244,152,2
2022-09-05 23:55:00.000000 UTC,2022-09-06 00:05:00.000000 UTC,1.98,9.9,66,97,2
2022-09-13 14:24:00.000000 UTC,2022-09-13 14:36:00.000000 UTC,1.64,9.9,129,7,2
2022-09-21 00:21:00.000000 UTC,2022-09-21 00:36:00.000000 UTC,2.2,9.9,37,61,2
2022-09-28 13:26:00.000000 UTC,2022-09-28 13:38:00.000000 UTC,1.87,9.9,74,166,2
2022-09-28 14:25:00.000000 UTC,2022-09-28 14:38:00.000000 UTC,1.83,9.9,166,236,2
2022-09-29 11:07:00.000000 UTC,2022-09-29 11:19:00.000000 UTC,1.97,9.9,41,116,2
2022-09-14 17:54:00.000000 UTC,2022-09-14 18:04:00.000000 UTC,1.44,9.9,193,145,2
2022-09-28 16:46:00.000000 UTC,2022-09-28 16:53:00.000000 UTC,1.39,9.9,193,145,2
2022-09-29 17:50:00.000000 UTC,2022-09-29 17:58:00.000000 UTC,1.39,9.9,193,145,2
2022-09-01 10:33:00.000000 UTC,2022-09-01 10:40:00.000000 UTC,2.27,9.9,265,191,2
2022-09-01 11:27:00.000000 UTC,2022-09-01 11:32:00.000000 UTC,1,9.9,166,151,2
2022-09-01 13:28:00.000000 UTC,2022-09-01 13:36:00.000000 UTC,1.18,9.9,166,151,2
2022-09-01 21:01:00.000000 UTC,2022-09-01 21:07:00.000000 UTC,0.99,9.9,106,25,2
2022-09-01 21:25:00.000000 UTC,2022-09-01 21:32:00.000000 UTC,1.18,9.9,166,42,2
2022-09-02 08:12:00.000000 UTC,2022-09-02 08:23:00.000000 UTC,1.5,9.9,41,24,2
2022-09-02 09:26:00.000000 UTC,2022-09-02 09:31:00.000000 UTC,0.4,9.9,41,41,2
2022-09-02 10:59:00.000000 UTC,2022-09-02 11:06:00.000000 UTC,1.18,9.9,106,181,2
2022-09-02 11:44:00.000000 UTC,2022-09-02 11:50:00.000000 UTC,1.42,9.9,244,116,2
2022-09-02 13:06:00.000000 UTC,2022-09-02 13:13:00.000000 UTC,1.03,9.9,42,41,2
2022-09-02 14:59:00.000000 UTC,2022-09-02 15:04:00.000000 UTC,1.68,9.9,206,206,2
2022-09-03 03:16:00.000000 UTC,2022-09-03 03:21:00.000000 UTC,0.32,9.9,36,36,2
2022-09-03 06:25:00.000000 UTC,2022-09-03 06:30:00.000000 UTC,28772.58,9.9,159,159,2
2022-09-03 11:26:00.000000 UTC,2022-09-03 11:35:00.000000 UTC,1.13,9.9,7,146,2
2022-09-03 21:35:00.000000 UTC,2022-09-03 21:42:00.000000 UTC,0.62,9.9,112,255,2
2022-09-03 21:56:00.000000 UTC,2022-09-03 22:01:00.000000 UTC,0.46,9.9,244,244,2
2022-09-04 11:31:00.000000 UTC,2022-09-04 11:39:00.000000 UTC,1.27,9.9,166,42,2
2022-09-04 20:13:00.000000 UTC,2022-09-04 20:18:00.000000 UTC,0.37,9.9,74,75,2
2022-09-04 21:04:00.000000 UTC,2022-09-04 21:15:00.000000 UTC,1.65,9.9,33,25,2
2022-09-05 00:41:00.000000 UTC,2022-09-05 00:45:00.000000 UTC,0.51,9.9,244,116,2
2022-09-05 00:22:00.000000 UTC,2022-09-05 00:34:00.000000 UTC,1.76,9.9,49,80,2
2022-09-05 12:46:00.000000 UTC,2022-09-05 12:52:00.000000 UTC,1.1,9.9,7,146,2
2022-09-05 12:54:00.000000 UTC,2022-09-05 13:03:00.000000 UTC,1.51,9.9,42,74,2
2022-09-05 16:39:00.000000 UTC,2022-09-05 16:44:00.000000 UTC,0.73,9.9,33,33,2
2022-09-06 10:42:00.000000 UTC,2022-09-06 10:50:00.000000 UTC,1.18,9.9,226,226,2
2022-09-06 11:24:00.000000 UTC,2022-09-06 11:32:00.000000 UTC,1.06,9.9,33,40,2
2022-09-06 12:24:00.000000 UTC,2022-09-06 12:27:00.000000 UTC,0.39,9.9,74,74,2
2022-09-06 13:29:00.000000 UTC,2022-09-06 13:34:00.000000 UTC,0.74,9.9,243,243,2
2022-09-06 13:39:00.000000 UTC,2022-09-06 13:42:00.000000 UTC,0.52,9.9,116,116,2
2022-09-06 14:03:00.000000 UTC,2022-09-06 14:06:00.000000 UTC,0.55,9.9,52,33,2
2022-09-06 15:39:00.000000 UTC,2022-09-06 16:02:00.000000 UTC,1.84,9.9,93,92,2
2022-09-06 15:10:00.000000 UTC,2022-09-06 15:28:00.000000 UTC,1.64,9.9,49,61,2
2022-09-06 20:51:00.000000 UTC,2022-09-06 20:58:00.000000 UTC,1.39,9.9,75,74,2
2022-09-07 02:06:00.000000 UTC,2022-09-07 02:10:00.000000 UTC,0.56,9.9,61,62,2
2022-09-07 06:49:00.000000 UTC,2022-09-07 06:55:00.000000 UTC,1.12,9.9,7,223,2
2022-09-07 10:19:00.000000 UTC,2022-09-07 10:25:00.000000 UTC,0.86,9.9,243,243,2
2022-09-07 11:15:00.000000 UTC,2022-09-07 11:30:00.000000 UTC,1.2,9.9,106,181,2
2022-09-07 11:48:00.000000 UTC,2022-09-07 11:53:00.000000 UTC,0.71,9.9,159,168,2
2022-09-07 14:05:00.000000 UTC,2022-09-07 14:09:00.000000 UTC,0.69,9.9,7,146,2
2022-09-07 15:51:00.000000 UTC,2022-09-07 15:57:00.000000 UTC,0.57,9.9,173,93,2
2022-09-07 20:52:00.000000 UTC,2022-09-07 20:58:00.000000 UTC,1.14,9.9,40,25,2
2022-09-08 10:35:00.000000 UTC,2022-09-08 10:40:00.000000 UTC,5.71,9.9,166,41,2
2022-09-08 10:39:00.000000 UTC,2022-09-08 10:44:00.000000 UTC,1.11,9.9,166,24,2
2022-09-08 11:29:00.000000 UTC,2022-09-08 11:32:00.000000 UTC,0.6,9.9,166,166,2
2022-09-08 12:22:00.000000 UTC,2022-09-08 12:31:00.000000 UTC,1.31,9.9,42,116,2
2022-09-08 12:41:00.000000 UTC,2022-09-08 12:44:00.000000 UTC,0.58,9.9,196,82,2
2022-09-08 13:34:00.000000 UTC,2022-09-08 13:46:00.000000 UTC,1.61,9.9,41,75,2
2022-09-08 14:57:00.000000 UTC,2022-09-08 15:04:00.000000 UTC,1.4,9.9,166,116,2
2022-09-08 19:28:00.000000 UTC,2022-09-08 19:38:00.000000 UTC,1.29,9.9,25,106,2
2022-09-08 20:55:00.000000 UTC,2022-09-08 21:01:00.000000 UTC,1.11,9.9,41,166,2
2022-09-08 21:10:00.000000 UTC,2022-09-08 21:17:00.000000 UTC,0.88,9.9,166,41,2
2022-09-09 07:13:00.000000 UTC,2022-09-09 07:21:00.000000 UTC,1.22,9.9,41,24,2
2022-09-09 07:25:00.000000 UTC,2022-09-09 07:30:00.000000 UTC,1.07,9.9,7,223,2
2022-09-09 08:40:00.000000 UTC,2022-09-09 08:48:00.000000 UTC,1.46,9.9,116,166,2
2022-09-09 10:48:00.000000 UTC,2022-09-09 10:56:00.000000 UTC,1.13,9.9,166,152,2
2022-09-09 11:05:00.000000 UTC,2022-09-09 11:16:00.000000 UTC,0.88,9.9,193,146,2
2022-09-09 12:37:00.000000 UTC,2022-09-09 12:46:00.000000 UTC,1.14,9.9,243,244,2
2022-09-09 13:08:00.000000 UTC,2022-09-09 13:15:00.000000 UTC,0.86,9.9,152,166,2
2022-09-09 13:25:00.000000 UTC,2022-09-09 13:35:00.000000 UTC,1.7,9.9,41,116,2
2022-09-09 20:18:00.000000 UTC,2022-09-09 20:30:00.000000 UTC,1.5,9.9,116,41,2
2022-09-09 20:24:00.000000 UTC,2022-09-09 20:35:00.000000 UTC,1.73,9.9,40,181,2
2022-09-10 10:06:00.000000 UTC,2022-09-10 10:11:00.000000 UTC,0.67,9.9,77,77,2
2022-09-10 11:23:00.000000 UTC,2022-09-10 11:42:00.000000 UTC,1.34,9.9,193,202,2
2022-09-10 20:41:00.000000 UTC,2022-09-10 20:48:00.000000 UTC,1.31,9.9,226,7,2
2022-09-10 20:32:00.000000 UTC,2022-09-10 20:37:00.000000 UTC,0.76,9.9,166,166,2
2022-09-10 21:20:00.000000 UTC,2022-09-10 21:27:00.000000 UTC,0.82,9.9,145,193,2
2022-09-11 10:07:00.000000 UTC,2022-09-11 10:14:00.000000 UTC,1.15,9.9,41,166,2
2022-09-11 20:51:00.000000 UTC,2022-09-11 20:56:00.000000 UTC,0.7,9.9,97,97,2
2022-09-12 06:50:00.000000 UTC,2022-09-12 07:00:00.000000 UTC,1.13,9.9,41,74,2
2022-09-12 06:37:00.000000 UTC,2022-09-12 06:42:00.000000 UTC,1.61,9.9,74,43,2
2022-09-12 16:08:00.000000 UTC,2022-09-12 16:12:00.000000 UTC,0.63,9.9,244,116,2
2022-09-12 16:41:00.000000 UTC,2022-09-12 16:49:00.000000 UTC,1.33,9.9,106,228,2
2022-09-12 16:41:00.000000 UTC,2022-09-12 16:49:00.000000 UTC,1.05,9.9,33,25,2
2022-09-13 11:46:00.000000 UTC,2022-09-13 11:57:00.000000 UTC,1.06,9.9,42,74,2
2022-09-13 15:30:00.000000 UTC,2022-09-13 15:36:00.000000 UTC,0.97,9.9,166,24,2
2022-09-13 20:38:00.000000 UTC,2022-09-13 20:45:00.000000 UTC,1.13,9.9,255,256,2
2022-09-13 22:01:00.000000 UTC,2022-09-13 22:04:00.000000 UTC,1.08,9.9,74,75,2
2022-09-14 04:20:00.000000 UTC,2022-09-14 04:28:00.000000 UTC,1.5,9.9,243,244,2
2022-09-14 10:41:00.000000 UTC,2022-09-14 10:47:00.000000 UTC,31540.98,9.9,83,82,2
2022-09-14 11:15:00.000000 UTC,2022-09-14 11:24:00.000000 UTC,1.33,9.9,41,74,2
2022-09-14 19:28:00.000000 UTC,2022-09-14 19:33:00.000000 UTC,0.89,9.9,193,7,2
2022-09-15 01:36:00.000000 UTC,2022-09-15 01:41:00.000000 UTC,0.04,9.9,42,74,2
2022-09-15 06:10:00.000000 UTC,2022-09-15 06:15:00.000000 UTC,0.66,9.9,223,7,2
2022-09-15 11:21:00.000000 UTC,2022-09-15 11:29:00.000000 UTC,1.15,9.9,7,146,2
2022-09-15 11:44:00.000000 UTC,2022-09-15 11:52:00.000000 UTC,1.07,9.9,41,166,2
2022-09-15 12:57:00.000000 UTC,2022-09-15 13:04:00.000000 UTC,1.41,9.9,205,10,2
2022-09-15 12:56:00.000000 UTC,2022-09-15 13:05:00.000000 UTC,1.67,9.9,196,95,2
2022-09-15 13:14:00.000000 UTC,2022-09-15 13:19:00.000000 UTC,1.51,9.9,10,10,2
2022-09-15 13:35:00.000000 UTC,2022-09-15 13:47:00.000000 UTC,0.94,9.9,181,181,2
2022-09-15 15:45:00.000000 UTC,2022-09-15 15:54:00.000000 UTC,0.75,9.9,33,65,2
2022-09-15 19:42:00.000000 UTC,2022-09-15 19:46:00.000000 UTC,0.78,9.9,166,152,2
2022-09-15 19:58:00.000000 UTC,2022-09-15 20:04:00.000000 UTC,0.82,9.9,116,244,2
2022-09-15 20:40:00.000000 UTC,2022-09-15 20:48:00.000000 UTC,1.15,9.9,40,33,2
2022-09-15 20:42:00.000000 UTC,2022-09-15 20:49:00.000000 UTC,0.51,9.9,166,41,2
2022-09-16 06:39:00.000000 UTC,2022-09-16 06:46:00.000000 UTC,1.78,9.9,75,166,2
2022-09-16 06:16:00.000000 UTC,2022-09-16 06:20:00.000000 UTC,0.88,9.9,188,72,2
2022-09-16 10:48:00.000000 UTC,2022-09-16 10:57:00.000000 UTC,1.18,9.9,166,166,2
2022-09-16 10:51:00.000000 UTC,2022-09-16 11:02:00.000000 UTC,1.6,9.9,42,166,2
2022-09-16 10:07:00.000000 UTC,2022-09-16 10:19:00.000000 UTC,1.14,9.9,181,106,2
2022-09-16 11:51:00.000000 UTC,2022-09-16 11:56:00.000000 UTC,0.78,9.9,75,74,2
2022-09-16 11:55:00.000000 UTC,2022-09-16 11:59:00.000000 UTC,0.76,9.9,41,41,2
2022-09-16 12:20:00.000000 UTC,2022-09-16 12:29:00.000000 UTC,1.32,9.9,42,166,2
2022-09-16 13:59:00.000000 UTC,2022-09-16 14:10:00.000000 UTC,1.1,9.9,159,159,2
2022-09-16 20:16:00.000000 UTC,2022-09-16 20:21:00.000000 UTC,1.03,9.9,42,116,2
2022-09-16 20:26:00.000000 UTC,2022-09-16 20:33:00.000000 UTC,0.74,9.9,74,74,2
2022-09-16 21:50:00.000000 UTC,2022-09-16 22:00:00.000000 UTC,2.25,9.9,127,244,2
2022-09-16 21:30:00.000000 UTC,2022-09-16 21:36:00.000000 UTC,1.17,9.9,41,116,2
2022-09-17 11:49:00.000000 UTC,2022-09-17 11:57:00.000000 UTC,10.4,9.9,76,222,2
2022-09-17 22:06:00.000000 UTC,2022-09-17 22:11:00.000000 UTC,0.55,9.9,129,82,2
2022-09-18 08:48:00.000000 UTC,2022-09-18 08:53:00.000000 UTC,1.04,9.9,52,65,2
2022-09-18 09:51:00.000000 UTC,2022-09-18 09:57:00.000000 UTC,1.23,9.9,181,40,2
2022-09-18 10:49:00.000000 UTC,2022-09-18 10:59:00.000000 UTC,1.68,9.9,25,40,2
2022-09-18 19:12:00.000000 UTC,2022-09-18 19:18:00.000000 UTC,0.87,9.9,112,255,2
2022-09-18 19:53:00.000000 UTC,2022-09-18 19:59:00.000000 UTC,1.37,9.9,42,41,2
2022-09-18 20:53:00.000000 UTC,2022-09-18 21:02:00.000000 UTC,1.19,9.9,116,116,2
2022-09-18 20:32:00.000000 UTC,2022-09-18 20:37:00.000000 UTC,0.62,9.9,66,66,2
2022-09-18 21:12:00.000000 UTC,2022-09-18 21:23:00.000000 UTC,1.55,9.9,260,7,2
2022-09-19 03:36:00.000000 UTC,2022-09-19 03:43:00.000000 UTC,1.3,9.9,74,152,2
2022-09-19 15:41:00.000000 UTC,2022-09-19 15:48:00.000000 UTC,0.96,9.9,243,243,2
2022-09-19 16:56:00.000000 UTC,2022-09-19 17:01:00.000000 UTC,51910.75,9.9,129,70,2
2022-09-19 21:12:00.000000 UTC,2022-09-19 21:19:00.000000 UTC,1.04,9.9,65,33,2
2022-09-20 12:36:00.000000 UTC,2022-09-20 12:40:00.000000 UTC,0.47,9.9,41,41,2
2022-09-20 12:55:00.000000 UTC,2022-09-20 13:04:00.000000 UTC,0.55,9.9,65,33,2
2022-09-20 13:07:00.000000 UTC,2022-09-20 13:19:00.000000 UTC,1.89,9.9,7,223,2
2022-09-20 13:21:00.000000 UTC,2022-09-20 13:25:00.000000 UTC,1.17,9.9,166,24,2
2022-09-20 13:41:00.000000 UTC,2022-09-20 13:47:00.000000 UTC,0.79,9.9,75,75,2
2022-09-20 15:59:00.000000 UTC,2022-09-20 16:08:00.000000 UTC,2.36,9.9,52,106,2
2022-09-20 15:12:00.000000 UTC,2022-09-20 15:20:00.000000 UTC,1.13,9.9,41,42,2
2022-09-20 19:26:00.000000 UTC,2022-09-20 19:31:00.000000 UTC,1.07,9.9,166,152,2
2022-09-20 20:18:00.000000 UTC,2022-09-20 20:22:00.000000 UTC,0.73,9.9,166,151,2
2022-09-21 06:45:00.000000 UTC,2022-09-21 06:52:00.000000 UTC,1.32,9.9,7,129,2
2022-09-21 12:28:00.000000 UTC,2022-09-21 12:47:00.000000 UTC,1.04,9.9,25,25,2
2022-09-21 12:51:00.000000 UTC,2022-09-21 12:58:00.000000 UTC,1.09,9.9,116,244,2
2022-09-21 14:24:00.000000 UTC,2022-09-21 14:30:00.000000 UTC,0.91,9.9,152,166,2
2022-09-22 10:20:00.000000 UTC,2022-09-22 10:28:00.000000 UTC,1.28,9.9,166,42,2
2022-09-22 12:48:00.000000 UTC,2022-09-22 12:51:00.000000 UTC,0.54,9.9,193,193,2
2022-09-22 14:20:00.000000 UTC,2022-09-22 14:30:00.000000 UTC,1.17,9.9,7,7,2
2022-09-22 15:19:00.000000 UTC,2022-09-22 15:28:00.000000 UTC,1.18,9.9,7,223,2
2022-09-22 19:34:00.000000 UTC,2022-09-22 19:37:00.000000 UTC,0.99,9.9,166,152,2
2022-09-22 20:27:00.000000 UTC,2022-09-22 20:33:00.000000 UTC,0.98,9.9,112,112,2
2022-09-22 20:15:00.000000 UTC,2022-09-22 20:23:00.000000 UTC,91152.89,9.9,10,218,2
2022-09-23 00:16:00.000000 UTC,2022-09-23 00:26:00.000000 UTC,1.53,9.9,256,80,2
2022-09-23 08:46:00.000000 UTC,2022-09-23 08:53:00.000000 UTC,0.95,9.9,41,24,2
2022-09-23 09:57:00.000000 UTC,2022-09-23 10:04:00.000000 UTC,1,9.9,181,181,2
2022-09-23 10:12:00.000000 UTC,2022-09-23 10:21:00.000000 UTC,0.95,9.9,181,106,2
2022-09-23 11:38:00.000000 UTC,2022-09-23 11:44:00.000000 UTC,1.44,9.9,145,112,2
2022-09-23 11:17:00.000000 UTC,2022-09-23 11:25:00.000000 UTC,1.23,9.9,149,91,2
2022-09-23 13:12:00.000000 UTC,2022-09-23 13:16:00.000000 UTC,0.92,9.9,116,152,2
2022-09-23 13:21:00.000000 UTC,2022-09-23 13:31:00.000000 UTC,1.66,9.9,41,151,2
2022-09-23 13:44:00.000000 UTC,2022-09-23 13:47:00.000000 UTC,0.49,9.9,193,193,2
2022-09-23 14:25:00.000000 UTC,2022-09-23 14:34:00.000000 UTC,1.34,9.9,7,7,2
2022-09-23 14:15:00.000000 UTC,2022-09-23 14:23:00.000000 UTC,1.53,9.9,166,151,2
2022-09-23 20:19:00.000000 UTC,2022-09-23 20:29:00.000000 UTC,1.5,9.9,75,24,2
2022-09-23 21:22:00.000000 UTC,2022-09-23 21:32:00.000000 UTC,1.28,9.9,166,41,2
2022-09-23 21:05:00.000000 UTC,2022-09-23 21:11:00.000000 UTC,0.74,9.9,152,41,2
2022-09-23 21:21:00.000000 UTC,2022-09-23 21:28:00.000000 UTC,1.73,9.9,129,260,2
2022-09-23 21:22:00.000000 UTC,2022-09-23 21:31:00.000000 UTC,0.95,9.9,223,7,2
2022-09-23 22:01:00.000000 UTC,2022-09-23 22:08:00.000000 UTC,4,9.9,41,42,2
2022-09-24 10:19:00.000000 UTC,2022-09-24 10:28:00.000000 UTC,1.21,9.9,243,127,2
2022-09-24 10:01:00.000000 UTC,2022-09-24 10:07:00.000000 UTC,0.93,9.9,74,75,2
2022-09-24 10:15:00.000000 UTC,2022-09-24 10:19:00.000000 UTC,0.87,9.9,74,74,2
2022-09-24 11:04:00.000000 UTC,2022-09-24 11:13:00.000000 UTC,0.77,9.9,65,66,2
2022-09-24 21:35:00.000000 UTC,2022-09-24 21:43:00.000000 UTC,1.17,9.9,166,152,2
2022-09-24 21:13:00.000000 UTC,2022-09-24 21:22:00.000000 UTC,1.1,9.9,7,7,2
2022-09-25 08:03:00.000000 UTC,2022-09-25 08:06:00.000000 UTC,1.24,9.9,75,74,2
2022-09-25 11:31:00.000000 UTC,2022-09-25 11:37:00.000000 UTC,1.18,9.9,41,74,2
2022-09-25 21:36:00.000000 UTC,2022-09-25 21:41:00.000000 UTC,0.46,9.9,166,41,2
2022-09-25 21:41:00.000000 UTC,2022-09-25 21:45:00.000000 UTC,0.4,9.9,7,7,2
2022-09-25 22:05:00.000000 UTC,2022-09-25 22:10:00.000000 UTC,0.88,9.9,7,7,2
2022-09-26 10:01:00.000000 UTC,2022-09-26 10:12:00.000000 UTC,1.27,9.9,97,190,2
2022-09-26 10:16:00.000000 UTC,2022-09-26 10:27:00.000000 UTC,1.84,9.9,75,151,2
2022-09-26 11:10:00.000000 UTC,2022-09-26 11:15:00.000000 UTC,0.63,9.9,244,116,2
2022-09-26 11:18:00.000000 UTC,2022-09-26 11:28:00.000000 UTC,1.22,9.9,244,243,2
2022-09-26 13:12:00.000000 UTC,2022-09-26 13:19:00.000000 UTC,1.16,9.9,41,42,2
2022-09-26 14:41:00.000000 UTC,2022-09-26 14:48:00.000000 UTC,1.15,9.9,74,41,2
2022-09-26 15:02:00.000000 UTC,2022-09-26 15:10:00.000000 UTC,1.25,9.9,41,42,2
2022-09-26 16:55:00.000000 UTC,2022-09-26 17:00:00.000000 UTC,1.46,9.9,41,42,2
2022-09-26 16:12:00.000000 UTC,2022-09-26 16:19:00.000000 UTC,1.13,9.9,33,40,2
2022-09-26 21:49:00.000000 UTC,2022-09-26 21:56:00.000000 UTC,1.36,9.9,42,116,2
2022-09-26 22:51:00.000000 UTC,2022-09-26 23:03:00.000000 UTC,1.81,9.9,97,52,2
2022-09-27 00:04:00.000000 UTC,2022-09-27 00:13:00.000000 UTC,1.36,9.9,80,112,2
2022-09-27 11:11:00.000000 UTC,2022-09-27 11:18:00.000000 UTC,1.09,9.9,7,146,2
2022-09-27 13:21:00.000000 UTC,2022-09-27 13:27:00.000000 UTC,0.88,9.9,116,152,2
2022-09-27 15:44:00.000000 UTC,2022-09-27 15:47:00.000000 UTC,0.56,9.9,41,166,2
2022-09-27 19:40:00.000000 UTC,2022-09-27 19:49:00.000000 UTC,1.36,9.9,166,152,2
2022-09-27 20:24:00.000000 UTC,2022-09-27 20:31:00.000000 UTC,1.05,9.9,75,151,2
2022-09-28 02:10:00.000000 UTC,2022-09-28 02:14:00.000000 UTC,0.66,9.9,256,80,2
2022-09-28 10:49:00.000000 UTC,2022-09-28 10:58:00.000000 UTC,1.31,9.9,74,41,2
2022-09-28 11:55:00.000000 UTC,2022-09-28 12:04:00.000000 UTC,1.37,9.9,42,41,2
2022-09-28 12:20:00.000000 UTC,2022-09-28 12:26:00.000000 UTC,0.99,9.9,41,166,2
2022-09-28 14:51:00.000000 UTC,2022-09-28 14:54:00.000000 UTC,0.41,9.9,41,41,2
2022-09-28 14:27:00.000000 UTC,2022-09-28 14:33:00.000000 UTC,0.5,9.9,41,166,2
2022-09-28 14:03:00.000000 UTC,2022-09-28 14:14:00.000000 UTC,1.15,9.9,166,41,2
2022-09-28 19:20:00.000000 UTC,2022-09-28 19:31:00.000000 UTC,1.52,9.9,166,75,2
2022-09-29 10:36:00.000000 UTC,2022-09-29 10:47:00.000000 UTC,1.35,9.9,166,42,2
2022-09-29 12:45:00.000000 UTC,2022-09-29 12:52:00.000000 UTC,1.06,9.9,166,24,2
2022-09-29 13:03:00.000000 UTC,2022-09-29 13:08:00.000000 UTC,1.1,9.9,41,166,2
2022-09-29 16:05:00.000000 UTC,2022-09-29 16:14:00.000000 UTC,1.08,9.9,41,166,2
2022-09-29 19:58:00.000000 UTC,2022-09-29 20:03:00.000000 UTC,0.72,9.9,181,181,2
2022-09-29 20:06:00.000000 UTC,2022-09-29 20:09:00.000000 UTC,0.7,9.9,166,151,2
2022-09-29 20:41:00.000000 UTC,2022-09-29 20:45:00.000000 UTC,0.39,9.9,166,166,2
2022-09-29 21:39:00.000000 UTC,2022-09-29 21:44:00.000000 UTC,0.74,9.9,225,61,2
2022-09-29 21:30:00.000000 UTC,2022-09-29 21:33:00.000000 UTC,0.59,9.9,181,257,2
2022-09-30 08:37:00.000000 UTC,2022-09-30 08:43:00.000000 UTC,0.49,9.9,145,226,2
2022-09-30 08:38:00.000000 UTC,2022-09-30 08:43:00.000000 UTC,0.94,9.9,243,243,2
2022-09-30 10:12:00.000000 UTC,2022-09-30 10:30:00.000000 UTC,1.98,9.9,74,75,2
2022-09-30 11:08:00.000000 UTC,2022-09-30 11:19:00.000000 UTC,1.66,9.9,106,181,2
2022-09-30 13:20:00.000000 UTC,2022-09-30 13:36:00.000000 UTC,2,9.9,41,75,2
2022-09-30 14:31:00.000000 UTC,2022-09-30 14:38:00.000000 UTC,1.16,9.9,247,42,2
2022-09-30 15:03:00.000000 UTC,2022-09-30 15:11:00.000000 UTC,1.29,9.9,41,166,2
2022-09-05 10:36:00.000000 UTC,2022-09-05 10:41:00.000000 UTC,1.88,9.9,74,263,2
2022-09-05 22:04:00.000000 UTC,2022-09-05 22:14:00.000000 UTC,1.08,9.9,75,262,2
2022-09-06 13:53:00.000000 UTC,2022-09-06 13:59:00.000000 UTC,0.94,9.9,75,236,2
2022-09-09 07:46:00.000000 UTC,2022-09-09 07:53:00.000000 UTC,1,9.9,75,263,2
2022-09-12 11:43:00.000000 UTC,2022-09-12 11:55:00.000000 UTC,1.49,9.9,75,236,2
2022-09-13 12:09:00.000000 UTC,2022-09-13 12:18:00.000000 UTC,1.2,9.9,41,238,2
2022-09-15 14:22:00.000000 UTC,2022-09-15 14:35:00.000000 UTC,1.62,9.9,41,238,2
2022-09-20 06:39:00.000000 UTC,2022-09-20 06:49:00.000000 UTC,1.73,9.9,166,238,2
2022-09-21 11:21:00.000000 UTC,2022-09-21 11:26:00.000000 UTC,0.67,9.9,75,262,2
2022-09-23 08:19:00.000000 UTC,2022-09-23 08:33:00.000000 UTC,1.6,9.9,75,263,2
2022-09-29 11:50:00.000000 UTC,2022-09-29 11:57:00.000000 UTC,1.19,9.9,75,236,2
2022-09-14 16:09:00.000000 UTC,2022-09-14 16:43:00.000000 UTC,2.88,15.02,97,181,2
2022-09-30 00:15:00.000000 UTC,2022-09-30 00:35:00.000000 UTC,3.55,15.02,36,49,2
2022-09-12 23:34:00.000000 UTC,2022-09-12 23:49:00.000000 UTC,1.34,20.14,145,95,2
2022-09-16 09:21:00.000000 UTC,2022-09-16 10:07:00.000000 UTC,7.72,30.38,7,65,2
2022-09-22 10:53:00.000000 UTC,2022-09-22 11:21:00.000000 UTC,10.27,30.38,150,35,2
2022-09-24 11:33:00.000000 UTC,2022-09-24 11:58:00.000000 UTC,8.03,30.38,74,211,2
2022-09-22 14:02:00.000000 UTC,2022-09-22 15:01:00.000000 UTC,27.42,91.82,42,1,2
2022-09-08 02:45:08.000000 UTC,2022-09-08 03:17:19.000000 UTC,11.77,35.5,93,145,2
2022-09-07 11:28:55.000000 UTC,2022-09-07 12:23:25.000000 UTC,8.1,35.5,21,55,2
2022-09-08 15:21:40.000000 UTC,2022-09-08 16:23:29.000000 UTC,6.2,35.5,147,244,1
2022-09-09 15:11:31.000000 UTC,2022-09-09 15:58:19.000000 UTC,8.66,35.5,93,132,2
2022-09-10 13:34:15.000000 UTC,2022-09-10 14:03:42.000000 UTC,12.03,35.5,247,81,2
2022-09-10 19:37:52.000000 UTC,2022-09-10 20:23:43.000000 UTC,9.11,35.5,146,82,2
2022-09-11 12:18:02.000000 UTC,2022-09-11 12:57:55.000000 UTC,10.94,35.5,95,25,2
2022-09-12 09:07:35.000000 UTC,2022-09-12 09:41:52.000000 UTC,11.6,35.5,228,55,2
2022-09-12 14:57:04.000000 UTC,2022-09-12 15:37:42.000000 UTC,9.48,35.5,95,193,2
2022-09-13 13:01:52.000000 UTC,2022-09-13 14:02:38.000000 UTC,5.58,35.5,166,166,2
2022-09-16 15:06:53.000000 UTC,2022-09-16 16:10:52.000000 UTC,1.83,35.5,7,7,2
2022-09-19 11:25:35.000000 UTC,2022-09-19 12:17:05.000000 UTC,8.66,35.5,22,55,2
2022-09-22 12:19:34.000000 UTC,2022-09-22 13:05:51.000000 UTC,9.05,35.5,130,130,2
2022-09-23 07:31:48.000000 UTC,2022-09-23 08:15:52.000000 UTC,9.75,35.5,130,130,2
2022-09-28 07:20:36.000000 UTC,2022-09-28 08:13:00.000000 UTC,8.55,35.5,55,55,2
2022-09-29 11:22:47.000000 UTC,2022-09-29 11:53:33.000000 UTC,11.84,35.5,130,10,2
2022-09-02 05:34:24.000000 UTC,2022-09-02 05:57:31.000000 UTC,12.61,35.5,14,154,2
2022-09-04 00:05:49.000000 UTC,2022-09-04 00:27:27.000000 UTC,12.63,35.5,93,97,2
2022-09-06 22:18:07.000000 UTC,2022-09-06 22:49:15.000000 UTC,11.49,35.5,93,97,2
2022-09-08 03:39:23.000000 UTC,2022-09-08 04:01:44.000000 UTC,12.67,35.5,93,97,2
2022-09-08 01:11:33.000000 UTC,2022-09-08 01:37:22.000000 UTC,12.23,35.5,93,231,2
2022-09-09 23:17:03.000000 UTC,2022-09-09 23:51:02.000000 UTC,11.32,35.5,93,224,2
2022-09-13 21:51:21.000000 UTC,2022-09-13 22:19:29.000000 UTC,12.2,35.5,116,87,2
2022-09-20 21:25:30.000000 UTC,2022-09-20 21:53:20.000000 UTC,12.11,35.5,166,88,2
2022-09-20 23:31:58.000000 UTC,2022-09-20 23:58:27.000000 UTC,12.25,35.5,247,107,2
2022-09-02 01:15:13.000000 UTC,2022-09-02 01:46:01.000000 UTC,10.99,35.5,93,230,2
2022-09-09 22:35:46.000000 UTC,2022-09-09 23:00:27.000000 UTC,12.46,35.5,93,229,2
2022-09-10 00:47:36.000000 UTC,2022-09-10 01:19:55.000000 UTC,10.59,35.5,93,161,2
2022-09-05 20:42:08.000000 UTC,2022-09-05 21:14:41.000000 UTC,12.46,35.5,93,230,2
2022-09-08 21:43:50.000000 UTC,2022-09-08 22:18:54.000000 UTC,10.17,35.5,93,230,2
2022-09-14 21:35:14.000000 UTC,2022-09-14 21:59:03.000000 UTC,12.59,35.5,93,229,2
2022-09-07 16:01:14.000000 UTC,2022-09-07 16:35:50.000000 UTC,11.77,35.5,93,263,2
2022-09-15 11:58:12.000000 UTC,2022-09-15 12:22:47.000000 UTC,11.3,35.5,74,265,1
2022-09-08 17:03:22.000000 UTC,2022-09-08 18:06:13.000000 UTC,5.06,35.5,7,161,2
2022-09-11 21:06:40.000000 UTC,2022-09-11 21:41:03.000000 UTC,11.13,35.5,130,145,2
2022-09-30 01:34:30.000000 UTC,2022-09-30 02:46:00.000000 UTC,4.29,35.5,135,83,2
2022-09-08 01:49:01.000000 UTC,2022-09-08 02:12:27.000000 UTC,12.55,35.5,173,40,2
2022-09-04 20:01:41.000000 UTC,2022-09-04 20:37:53.000000 UTC,11.27,35.5,93,130,2
2022-09-08 17:08:26.000000 UTC,2022-09-08 17:46:16.000000 UTC,9.41,35.5,28,260,2
2022-09-12 18:26:00.000000 UTC,2022-09-12 19:31:29.000000 UTC,1.43,35.5,82,82,2
2022-09-03 12:27:11.000000 UTC,2022-09-03 13:00:21.000000 UTC,11.33,35.5,7,228,2
2022-09-25 15:26:20.000000 UTC,2022-09-25 15:54:01.000000 UTC,12.03,35.5,130,145,2
2022-09-14 09:51:53.000000 UTC,2022-09-14 10:43:40.000000 UTC,7.8,35.5,75,231,2
2022-09-27 13:43:11.000000 UTC,2022-09-27 14:22:39.000000 UTC,10,35.5,42,261,2
2022-09-19 09:22:41.000000 UTC,2022-09-19 10:10:08.000000 UTC,10.34,35.5,95,137,2
2022-09-26 19:22:25.000000 UTC,2022-09-26 20:14:32.000000 UTC,6.51,35.5,33,186,2
2022-09-03 20:32:53.000000 UTC,2022-09-03 21:00:39.000000 UTC,12.24,35.5,253,161,2
2022-09-15 17:21:51.000000 UTC,2022-09-15 18:21:55.000000 UTC,5.68,35.5,65,162,2
2022-09-09 15:36:01.000000 UTC,2022-09-09 16:31:57.000000 UTC,7.87,35.5,7,127,2
2022-09-02 20:31:54.000000 UTC,2022-09-02 21:02:48.000000 UTC,11.79,35.5,93,140,2
2022-09-14 22:22:01.000000 UTC,2022-09-14 22:42:51.000000 UTC,13.15,35.5,253,224,2
2022-09-14 13:51:05.000000 UTC,2022-09-14 14:37:25.000000 UTC,8.76,35.5,40,161,2
2022-09-02 20:47:00.000000 UTC,2022-09-02 21:20:22.000000 UTC,11.78,35.5,93,141,2
2022-09-07 13:09:47.000000 UTC,2022-09-07 13:52:46.000000 UTC,8.64,35.5,25,237,2
2022-09-12 22:05:03.000000 UTC,2022-09-12 22:37:37.000000 UTC,11.39,35.5,93,113,2
2022-09-21 16:39:58.000000 UTC,2022-09-21 17:27:27.000000 UTC,7.44,35.5,75,127,2
2022-09-04 18:59:42.000000 UTC,2022-09-04 19:44:17.000000 UTC,9.56,35.5,34,161,2
2022-09-15 09:05:16.000000 UTC,2022-09-15 09:45:49.000000 UTC,10.12,35.5,244,231,2
2022-09-02 19:50:01.000000 UTC,2022-09-02 20:28:19.000000 UTC,11,35.5,75,40,1
2022-09-13 19:03:13.000000 UTC,2022-09-13 19:41:42.000000 UTC,11.25,35.5,95,237,2
2022-09-17 00:19:54.000000 UTC,2022-09-17 00:59:58.000000 UTC,10.55,35.5,129,75,2
2022-09-21 10:25:43.000000 UTC,2022-09-21 11:08:36.000000 UTC,9.5,35.5,116,148,1
2022-09-29 13:21:12.000000 UTC,2022-09-29 14:00:04.000000 UTC,11.31,35.5,244,148,2
2022-09-06 07:52:45.000000 UTC,2022-09-06 08:44:58.000000 UTC,9.08,35.5,95,140,2
2022-09-06 09:55:07.000000 UTC,2022-09-06 10:56:32.000000 UTC,5.17,35.5,74,100,2
2022-09-09 11:02:40.000000 UTC,2022-09-09 11:40:00.000000 UTC,10.12,35.5,244,137,2
2022-09-17 17:26:11.000000 UTC,2022-09-17 18:13:19.000000 UTC,10.61,35.5,43,25,2
2022-09-29 16:42:00.000000 UTC,2022-09-29 17:42:00.000000 UTC,11.97,49.04,166,97,2
2022-09-15 13:58:00.000000 UTC,2022-09-15 14:39:00.000000 UTC,4.03,23.44,65,37,2
2022-09-11 00:25:00.000000 UTC,2022-09-11 00:51:00.000000 UTC,5.52,23.44,198,188,2
2022-09-25 15:51:00.000000 UTC,2022-09-25 16:29:00.000000 UTC,4.12,23.44,97,79,2
2022-09-10 19:24:00.000000 UTC,2022-09-10 19:50:00.000000 UTC,4.2,23.44,42,161,2
2022-09-06 08:38:00.000000 UTC,2022-09-06 09:08:00.000000 UTC,7.24,28.56,41,31,2
2022-09-23 18:00:00.000000 UTC,2022-09-23 18:38:00.000000 UTC,5.78,28.56,189,39,2
2022-09-15 18:03:00.000000 UTC,2022-09-15 18:48:00.000000 UTC,5.7,28.56,41,164,2
2022-09-11 19:26:15.000000 UTC,2022-09-11 19:56:42.000000 UTC,9,90,93,163,1
2022-09-07 01:15:49.000000 UTC,2022-09-07 01:15:51.000000 UTC,15.05,90,264,264,2
2022-09-11 19:43:30.000000 UTC,2022-09-11 20:31:14.000000 UTC,15.39,90,93,88,2
2022-09-29 14:49:06.000000 UTC,2022-09-29 16:19:35.000000 UTC,19.7,90,157,1,2
2022-09-12 22:40:54.000000 UTC,2022-09-12 23:11:38.000000 UTC,8.74,90,181,124,2
2022-09-13 20:36:12.000000 UTC,2022-09-14 20:07:46.000000 UTC,13.91,90,57,261,2
2022-09-03 23:51:59.000000 UTC,2022-09-04 01:26:09.000000 UTC,28.84,90,146,265,2
2022-09-27 22:19:40.000000 UTC,2022-09-27 22:37:58.000000 UTC,9.9,90,93,170,2
2022-09-02 00:53:34.000000 UTC,2022-09-02 01:02:43.000000 UTC,0.15,90,93,264,2
2022-09-15 16:24:14.000000 UTC,2022-09-15 17:47:49.000000 UTC,18.32,90,116,74,2
2022-09-19 14:57:28.000000 UTC,2022-09-19 14:57:58.000000 UTC,0.04,90,242,185,2
2022-09-24 09:23:09.000000 UTC,2022-09-24 11:29:46.000000 UTC,22.07,90,95,95,2
2022-09-03 00:35:20.000000 UTC,2022-09-03 01:01:32.000000 UTC,10.62,90,93,234,2
2022-09-01 01:18:37.000000 UTC,2022-09-01 01:37:47.000000 UTC,13.09,90,253,45,2
2022-09-02 00:16:50.000000 UTC,2022-09-02 23:14:18.000000 UTC,14.33,90,93,209,2
2022-09-09 22:44:41.000000 UTC,2022-09-09 23:28:44.000000 UTC,10.9,90,93,246,2
2022-09-08 03:16:56.000000 UTC,2022-09-08 03:54:17.000000 UTC,16.75,90,93,158,2
2022-09-18 18:24:00.000000 UTC,2022-09-18 19:09:00.000000 UTC,19.37,64.4,14,132,2
2022-09-04 00:39:27.000000 UTC,2022-09-04 00:43:24.000000 UTC,0.49,8.08,75,75,2
2022-09-04 20:31:01.000000 UTC,2022-09-04 20:37:38.000000 UTC,0.91,8.08,75,263,2
2022-09-05 20:49:38.000000 UTC,2022-09-05 20:58:37.000000 UTC,1.64,8.08,166,75,2
2022-09-16 09:37:00.000000 UTC,2022-09-16 09:44:00.000000 UTC,0.99,8.08,62,61,2
2022-09-22 09:49:00.000000 UTC,2022-09-22 09:56:00.000000 UTC,1.01,8.08,62,61,2
2022-09-26 17:10:00.000000 UTC,2022-09-26 17:15:00.000000 UTC,1.27,8.08,61,61,2
2022-09-05 16:59:00.000000 UTC,2022-09-05 17:05:00.000000 UTC,1.52,8.08,74,74,2
2022-09-08 10:44:00.000000 UTC,2022-09-08 10:50:00.000000 UTC,1.11,8.08,74,41,2
2022-09-15 13:59:00.000000 UTC,2022-09-15 14:09:00.000000 UTC,1.44,8.08,74,24,2
2022-09-15 13:36:00.000000 UTC,2022-09-15 13:38:00.000000 UTC,0.02,8.08,74,74,2
2022-09-19 14:15:00.000000 UTC,2022-09-19 14:34:00.000000 UTC,1.19,8.08,17,17,2
2022-09-22 12:46:00.000000 UTC,2022-09-22 12:55:00.000000 UTC,1.18,8.08,74,75,2
2022-09-23 13:41:00.000000 UTC,2022-09-23 13:45:00.000000 UTC,0.61,8.08,167,47,2
2022-09-26 12:54:00.000000 UTC,2022-09-26 12:59:00.000000 UTC,0.86,8.08,41,75,2
2022-09-28 13:20:00.000000 UTC,2022-09-28 13:25:00.000000 UTC,0.47,8.08,168,159,2
2022-09-28 15:53:00.000000 UTC,2022-09-28 16:05:00.000000 UTC,0.84,8.08,17,217,2
2022-09-10 19:05:00.000000 UTC,2022-09-10 19:16:00.000000 UTC,1.8,13.2,181,40,2
2022-09-23 19:12:00.000000 UTC,2022-09-23 19:29:00.000000 UTC,2.15,13.2,74,24,2
2022-09-26 10:53:00.000000 UTC,2022-09-26 11:10:00.000000 UTC,2.65,13.2,216,197,2
2022-09-15 17:24:34.000000 UTC,2022-09-15 17:37:22.000000 UTC,2.03,13.2,74,42,2
2022-09-22 09:34:00.000000 UTC,2022-09-22 09:50:00.000000 UTC,2.35,13.2,168,116,2
2022-09-20 19:17:00.000000 UTC,2022-09-20 19:36:00.000000 UTC,2.63,13.2,61,256,2
2022-09-11 22:48:00.000000 UTC,2022-09-11 23:04:00.000000 UTC,3.12,13.2,255,224,2
2022-09-15 19:57:00.000000 UTC,2022-09-15 20:14:00.000000 UTC,2.63,13.2,61,37,2
2022-09-20 22:38:00.000000 UTC,2022-09-20 22:53:00.000000 UTC,2.31,13.2,74,151,2
2022-09-06 11:51:00.000000 UTC,2022-09-06 12:42:00.000000 UTC,7.53,31.86,39,25,2
2022-09-21 08:20:00.000000 UTC,2022-09-21 08:44:00.000000 UTC,2.55,11.38,243,169,2
2022-09-01 16:02:54.000000 UTC,2022-09-01 16:22:08.000000 UTC,3.72,16.5,93,138,2
2022-09-02 18:56:55.000000 UTC,2022-09-02 19:16:28.000000 UTC,3.97,16.5,33,225,2
2022-09-06 17:12:00.000000 UTC,2022-09-06 17:36:27.000000 UTC,2.86,16.5,93,171,2
2022-09-08 19:37:53.000000 UTC,2022-09-08 20:02:47.000000 UTC,3.14,16.5,37,61,2
2022-09-09 17:37:43.000000 UTC,2022-09-09 18:00:36.000000 UTC,3.66,16.5,75,116,2
2022-09-09 19:52:02.000000 UTC,2022-09-09 20:06:08.000000 UTC,5.14,16.5,95,138,2
2022-09-12 17:14:10.000000 UTC,2022-09-12 17:38:22.000000 UTC,3.23,16.5,61,177,2
2022-09-13 18:01:26.000000 UTC,2022-09-13 18:17:27.000000 UTC,4.82,16.5,134,216,2
2022-09-13 18:37:09.000000 UTC,2022-09-13 18:58:45.000000 UTC,3.79,16.5,166,244,2
2022-09-14 16:44:44.000000 UTC,2022-09-14 17:07:07.000000 UTC,3.74,16.5,92,82,2
2022-09-15 15:06:33.000000 UTC,2022-09-15 15:28:07.000000 UTC,4.09,16.5,75,244,2
2022-09-15 19:46:33.000000 UTC,2022-09-15 20:12:05.000000 UTC,2.68,16.5,97,225,2
2022-09-16 19:23:07.000000 UTC,2022-09-16 19:41:14.000000 UTC,3.98,16.5,74,116,2
2022-09-20 18:23:46.000000 UTC,2022-09-20 18:43:54.000000 UTC,4.15,16.5,41,243,2
2022-09-22 17:56:21.000000 UTC,2022-09-22 18:12:38.000000 UTC,4.8,16.5,134,216,2
2022-09-22 19:38:09.000000 UTC,2022-09-22 19:50:23.000000 UTC,5.47,16.5,130,132,2
2022-09-23 19:31:45.000000 UTC,2022-09-23 20:00:12.000000 UTC,1.19,16.5,65,25,2
2022-09-26 16:57:07.000000 UTC,2022-09-26 17:13:29.000000 UTC,4.53,16.5,244,151,2
2022-09-26 18:18:25.000000 UTC,2022-09-26 18:29:20.000000 UTC,5.46,16.5,33,14,2
2022-09-30 17:37:53.000000 UTC,2022-09-30 17:50:58.000000 UTC,5.21,16.5,130,132,2
2022-09-07 18:15:00.000000 UTC,2022-09-07 18:37:22.000000 UTC,3.97,16.5,75,170,2
2022-09-07 19:09:16.000000 UTC,2022-09-07 19:22:35.000000 UTC,5.15,16.5,244,151,2
2022-09-13 17:30:49.000000 UTC,2022-09-13 17:54:46.000000 UTC,3.2,16.5,43,233,2
2022-09-13 17:51:52.000000 UTC,2022-09-13 18:06:59.000000 UTC,4.77,16.5,244,238,2
2022-09-14 19:14:31.000000 UTC,2022-09-14 19:28:38.000000 UTC,4.8,16.5,244,238,1
2022-09-19 16:16:29.000000 UTC,2022-09-19 16:41:11.000000 UTC,2.64,16.5,75,163,2
2022-09-19 19:22:24.000000 UTC,2022-09-19 19:43:49.000000 UTC,3.7,16.5,75,48,2
2022-09-21 16:57:46.000000 UTC,2022-09-21 17:20:56.000000 UTC,3.34,16.5,152,236,2
2022-09-22 18:09:47.000000 UTC,2022-09-22 18:25:25.000000 UTC,4.65,16.5,244,238,2
2022-09-23 18:53:51.000000 UTC,2022-09-23 19:16:18.000000 UTC,3.65,16.5,75,152,2
2022-09-26 16:13:54.000000 UTC,2022-09-26 16:34:50.000000 UTC,3.9,16.5,166,141,2
2022-09-26 19:27:31.000000 UTC,2022-09-26 19:43:13.000000 UTC,5.17,16.5,75,137,2
2022-09-27 18:56:05.000000 UTC,2022-09-27 19:10:08.000000 UTC,4.92,16.5,244,239,2
2022-09-28 19:43:53.000000 UTC,2022-09-28 19:57:39.000000 UTC,4.87,16.5,244,238,2
2022-09-01 14:36:26.000000 UTC,2022-09-01 15:02:14.000000 UTC,3.02,16.5,74,244,2
2022-09-06 08:13:04.000000 UTC,2022-09-06 08:35:51.000000 UTC,2.95,16.5,95,130,2
2022-09-10 19:56:23.000000 UTC,2022-09-10 20:13:32.000000 UTC,4.29,16.5,33,112,2
2022-09-16 15:40:36.000000 UTC,2022-09-16 16:05:30.000000 UTC,2.69,16.5,130,218,2
2022-09-21 07:00:38.000000 UTC,2022-09-21 07:23:19.000000 UTC,3.6,16.5,216,134,2
2022-09-24 10:22:31.000000 UTC,2022-09-24 10:34:14.000000 UTC,5.29,16.5,95,138,2
2022-09-24 19:54:22.000000 UTC,2022-09-24 20:11:59.000000 UTC,4.31,16.5,33,112,2
2022-09-28 14:35:03.000000 UTC,2022-09-28 14:57:59.000000 UTC,3.17,16.5,74,244,2
2022-09-29 13:01:02.000000 UTC,2022-09-29 13:14:00.000000 UTC,4.79,16.5,130,132,2
2022-09-01 05:22:23.000000 UTC,2022-09-01 05:36:01.000000 UTC,4.9,16.5,75,244,2
2022-09-02 20:08:10.000000 UTC,2022-09-02 20:32:10.000000 UTC,3.6,16.5,65,89,1
2022-09-24 15:54:45.000000 UTC,2022-09-24 16:15:55.000000 UTC,3.9,16.5,75,50,2
2022-09-01 08:05:42.000000 UTC,2022-09-01 08:17:52.000000 UTC,4.9,16.5,92,95,2
2022-09-01 10:44:33.000000 UTC,2022-09-01 11:10:15.000000 UTC,2.5,16.5,40,34,2
2022-09-01 14:33:37.000000 UTC,2022-09-01 14:57:55.000000 UTC,2.5,16.5,82,95,1
2022-09-01 16:03:47.000000 UTC,2022-09-01 16:29:07.000000 UTC,2.13,16.5,75,238,2
2022-09-01 15:52:02.000000 UTC,2022-09-01 16:17:44.000000 UTC,2.09,16.5,74,74,2
2022-09-02 12:58:23.000000 UTC,2022-09-02 13:17:12.000000 UTC,4.32,16.5,89,181,2
2022-09-03 11:46:31.000000 UTC,2022-09-03 12:05:30.000000 UTC,4.62,16.5,83,193,2
2022-09-03 17:40:30.000000 UTC,2022-09-03 18:04:18.000000 UTC,3.41,16.5,97,188,2
2022-09-04 19:26:05.000000 UTC,2022-09-04 19:40:16.000000 UTC,4.97,16.5,14,55,2
2022-09-06 07:39:36.000000 UTC,2022-09-06 07:58:14.000000 UTC,4.59,16.5,74,243,2
2022-09-06 14:34:37.000000 UTC,2022-09-06 14:58:10.000000 UTC,3.28,16.5,167,78,2
2022-09-06 15:43:51.000000 UTC,2022-09-06 16:08:21.000000 UTC,2.9,16.5,97,225,2
2022-09-07 15:37:39.000000 UTC,2022-09-07 16:02:16.000000 UTC,2.91,16.5,75,116,2
2022-09-08 11:16:13.000000 UTC,2022-09-08 11:35:22.000000 UTC,4.41,16.5,75,69,2
2022-09-08 12:34:19.000000 UTC,2022-09-08 12:56:19.000000 UTC,3.92,16.5,166,69,2
2022-09-08 14:16:44.000000 UTC,2022-09-08 14:36:54.000000 UTC,3.98,16.5,33,133,2
2022-09-10 11:20:25.000000 UTC,2022-09-10 11:41:03.000000 UTC,3.73,16.5,95,82,2
2022-09-10 14:14:51.000000 UTC,2022-09-10 14:36:48.000000 UTC,3.7,16.5,61,91,1
2022-09-10 14:51:11.000000 UTC,2022-09-10 15:13:15.000000 UTC,3.5,16.5,91,61,1
2022-09-10 15:21:13.000000 UTC,2022-09-10 15:44:13.000000 UTC,3.32,16.5,166,244,2
2022-09-10 15:27:15.000000 UTC,2022-09-10 15:50:02.000000 UTC,3.23,16.5,97,61,2
2022-09-11 10:54:27.000000 UTC,2022-09-11 11:12:05.000000 UTC,4.1,16.5,65,37,1
2022-09-11 16:17:02.000000 UTC,2022-09-11 16:38:49.000000 UTC,4.2,16.5,22,55,2
2022-09-12 09:28:14.000000 UTC,2022-09-12 09:44:21.000000 UTC,4.54,16.5,244,74,2
2022-09-13 08:26:06.000000 UTC,2022-09-13 08:40:33.000000 UTC,4.66,16.5,75,244,2
2022-09-13 10:29:27.000000 UTC,2022-09-13 10:42:48.000000 UTC,4.84,16.5,74,243,2
2022-09-13 12:43:33.000000 UTC,2022-09-13 13:04:09.000000 UTC,3.31,16.5,244,42,2
2022-09-13 13:49:14.000000 UTC,2022-09-13 14:10:38.000000 UTC,3.9,16.5,75,159,2
2022-09-14 11:31:34.000000 UTC,2022-09-14 11:53:30.000000 UTC,3.87,16.5,130,216,2
2022-09-14 11:57:14.000000 UTC,2022-09-14 12:18:35.000000 UTC,3.75,16.5,24,119,2
2022-09-15 07:27:57.000000 UTC,2022-09-15 07:45:19.000000 UTC,4.24,16.5,244,41,2
2022-09-15 14:28:07.000000 UTC,2022-09-15 14:52:37.000000 UTC,2.59,16.5,152,43,2
2022-09-15 15:36:24.000000 UTC,2022-09-15 15:57:16.000000 UTC,3.52,16.5,130,95,2
2022-09-16 10:05:30.000000 UTC,2022-09-16 10:26:13.000000 UTC,4.17,16.5,74,43,2
2022-09-16 12:34:05.000000 UTC,2022-09-16 12:52:50.000000 UTC,4.41,16.5,126,74,2
2022-09-16 14:32:29.000000 UTC,2022-09-16 14:56:30.000000 UTC,3.22,16.5,74,244,2
2022-09-17 13:37:05.000000 UTC,2022-09-17 13:58:50.000000 UTC,3.78,16.5,97,255,2
2022-09-17 13:40:28.000000 UTC,2022-09-17 13:59:14.000000 UTC,4.09,16.5,130,216,2
2022-09-17 13:33:33.000000 UTC,2022-09-17 13:46:02.000000 UTC,5.11,16.5,244,241,2
2022-09-17 13:18:01.000000 UTC,2022-09-17 13:41:55.000000 UTC,2.5,16.5,42,247,2
2022-09-17 17:25:21.000000 UTC,2022-09-17 17:39:15.000000 UTC,4.63,16.5,243,241,2
2022-09-17 18:29:51.000000 UTC,2022-09-17 18:49:07.000000 UTC,4.26,16.5,75,69,2
2022-09-17 18:03:06.000000 UTC,2022-09-17 18:23:21.000000 UTC,4.04,16.5,42,235,2
2022-09-17 19:56:06.000000 UTC,2022-09-17 20:15:50.000000 UTC,3.92,16.5,97,255,2
2022-09-18 13:01:27.000000 UTC,2022-09-18 13:28:07.000000 UTC,2.36,16.5,74,116,2
2022-09-18 13:20:35.000000 UTC,2022-09-18 13:43:14.000000 UTC,3.61,16.5,7,173,2
2022-09-20 08:33:21.000000 UTC,2022-09-20 08:58:41.000000 UTC,3.2,16.5,129,129,2
2022-09-20 12:46:25.000000 UTC,2022-09-20 13:09:39.000000 UTC,3.07,16.5,74,244,2
2022-09-20 14:38:48.000000 UTC,2022-09-20 15:05:03.000000 UTC,2.5,16.5,97,66,1
2022-09-20 15:24:30.000000 UTC,2022-09-20 15:48:01.000000 UTC,3.6,16.5,74,120,1
2022-09-21 10:00:05.000000 UTC,2022-09-21 10:20:02.000000 UTC,3.49,16.5,95,131,2
2022-09-21 07:05:12.000000 UTC,2022-09-21 07:32:23.000000 UTC,3.37,16.5,74,244,2
2022-09-21 12:50:19.000000 UTC,2022-09-21 13:09:20.000000 UTC,4.2,16.5,196,70,1
2022-09-21 14:30:17.000000 UTC,2022-09-21 14:52:44.000000 UTC,3.61,16.5,166,244,2
2022-09-23 07:35:09.000000 UTC,2022-09-23 07:51:33.000000 UTC,4,16.5,74,243,1
2022-09-23 09:35:22.000000 UTC,2022-09-23 10:03:24.000000 UTC,1.78,16.5,74,75,2
2022-09-23 14:30:37.000000 UTC,2022-09-23 14:53:16.000000 UTC,2.94,16.5,134,56,2
2022-09-23 14:22:58.000000 UTC,2022-09-23 14:48:43.000000 UTC,2.95,16.5,97,62,2
2022-09-23 15:17:04.000000 UTC,2022-09-23 15:32:57.000000 UTC,4.3,16.5,244,42,2
2022-09-23 15:23:25.000000 UTC,2022-09-23 15:35:40.000000 UTC,5.22,16.5,130,132,2
2022-09-24 07:52:40.000000 UTC,2022-09-24 08:08:52.000000 UTC,5.07,16.5,41,169,2
2022-09-24 15:54:52.000000 UTC,2022-09-24 16:12:57.000000 UTC,4.38,16.5,82,134,2
2022-09-25 07:35:07.000000 UTC,2022-09-25 07:44:45.000000 UTC,5.49,16.5,130,132,2
2022-09-25 09:27:46.000000 UTC,2022-09-25 09:44:44.000000 UTC,4.4,16.5,244,75,1
2022-09-25 09:50:16.000000 UTC,2022-09-25 10:01:41.000000 UTC,5.14,16.5,244,241,2
2022-09-25 17:12:50.000000 UTC,2022-09-25 17:36:18.000000 UTC,3.61,16.5,97,36,2
2022-09-26 11:24:10.000000 UTC,2022-09-26 11:47:07.000000 UTC,3.42,16.5,74,244,2
2022-09-27 08:18:27.000000 UTC,2022-09-27 08:39:41.000000 UTC,3.6,16.5,75,167,1
2022-09-27 12:42:51.000000 UTC,2022-09-27 13:02:54.000000 UTC,3.87,16.5,130,191,2
2022-09-28 11:32:26.000000 UTC,2022-09-28 11:56:00.000000 UTC,3.13,16.5,41,147,2
2022-09-28 12:22:07.000000 UTC,2022-09-28 12:43:37.000000 UTC,3.82,16.5,74,244,2
2022-09-29 07:09:49.000000 UTC,2022-09-29 07:35:06.000000 UTC,3.05,16.5,174,47,2
2022-09-29 09:39:32.000000 UTC,2022-09-29 09:51:54.000000 UTC,5.06,16.5,95,138,2
2022-09-29 14:22:52.000000 UTC,2022-09-29 14:45:18.000000 UTC,3.75,16.5,33,17,2
2022-09-30 07:30:56.000000 UTC,2022-09-30 07:55:08.000000 UTC,3.12,16.5,152,75,2
2022-09-30 09:22:36.000000 UTC,2022-09-30 09:48:26.000000 UTC,2,16.5,73,92,2
2022-09-30 11:24:59.000000 UTC,2022-09-30 11:45:18.000000 UTC,4.02,16.5,95,216,2
2022-09-30 14:11:23.000000 UTC,2022-09-30 14:35:30.000000 UTC,3.01,16.5,74,244,2
2022-09-16 16:49:58.000000 UTC,2022-09-16 17:15:00.000000 UTC,2.27,16.5,25,190,2
2022-09-01 20:44:33.000000 UTC,2022-09-01 21:06:16.000000 UTC,3.89,16.5,75,244,2
2022-09-13 18:34:46.000000 UTC,2022-09-13 18:51:57.000000 UTC,4.5,16.5,75,223,1
2022-09-01 17:07:42.000000 UTC,2022-09-01 17:31:03.000000 UTC,3.05,16.5,197,216,2
2022-09-02 17:10:18.000000 UTC,2022-09-02 17:33:28.000000 UTC,3.07,16.5,197,216,2
2022-09-08 19:42:56.000000 UTC,2022-09-08 20:06:07.000000 UTC,3.43,16.5,65,188,2
2022-09-19 16:55:32.000000 UTC,2022-09-19 17:22:24.000000 UTC,1.9,16.5,97,97,2
2022-09-21 17:06:10.000000 UTC,2022-09-21 17:23:43.000000 UTC,4.83,16.5,83,138,2
2022-09-22 17:12:13.000000 UTC,2022-09-22 17:41:06.000000 UTC,0.13,16.5,129,138,2
2022-09-22 19:09:49.000000 UTC,2022-09-22 19:25:00.000000 UTC,5.22,16.5,134,216,2
2022-09-22 19:47:04.000000 UTC,2022-09-22 20:10:50.000000 UTC,3.09,16.5,65,89,2
2022-09-26 18:31:47.000000 UTC,2022-09-26 18:54:55.000000 UTC,3.64,16.5,52,89,2
2022-09-28 16:54:34.000000 UTC,2022-09-28 17:20:29.000000 UTC,2.21,16.5,65,190,2
2022-09-28 18:08:24.000000 UTC,2022-09-28 18:26:01.000000 UTC,4.41,16.5,33,228,2
2022-09-27 15:17:59.000000 UTC,2022-09-27 15:30:25.000000 UTC,5.07,16.5,244,200,2
2022-09-14 19:19:05.000000 UTC,2022-09-14 19:39:23.000000 UTC,4.16,16.5,75,47,2
2022-09-02 17:58:46.000000 UTC,2022-09-02 18:20:05.000000 UTC,3.7,16.5,75,100,1
2022-09-05 18:41:24.000000 UTC,2022-09-05 18:57:35.000000 UTC,4.63,16.5,260,80,2
2022-09-09 17:24:05.000000 UTC,2022-09-09 17:45:12.000000 UTC,4.62,16.5,83,138,2
2022-09-15 17:43:00.000000 UTC,2022-09-15 18:09:25.000000 UTC,2.1,16.5,97,17,1
2022-09-24 11:48:17.000000 UTC,2022-09-24 11:58:20.000000 UTC,5.31,16.5,130,132,2
2022-09-02 11:44:58.000000 UTC,2022-09-02 12:07:08.000000 UTC,3.6,16.5,97,256,2
2022-09-03 00:44:29.000000 UTC,2022-09-03 01:03:37.000000 UTC,2.64,16.5,95,82,2
2022-09-04 17:10:42.000000 UTC,2022-09-04 17:10:42.000000 UTC,1.75,16.5,264,264,2
2022-09-29 20:09:01.000000 UTC,2022-09-29 20:35:09.000000 UTC,2.13,16.5,74,116,2
2022-09-01 11:33:15.000000 UTC,2022-09-01 11:58:02.000000 UTC,2.73,16.5,43,143,2
2022-09-02 09:27:16.000000 UTC,2022-09-02 09:47:28.000000 UTC,4.04,16.5,166,161,2
2022-09-04 16:05:03.000000 UTC,2022-09-04 16:25:11.000000 UTC,4.44,16.5,146,75,2
2022-09-05 12:01:41.000000 UTC,2022-09-05 12:23:34.000000 UTC,3.45,16.5,74,239,2
2022-09-08 09:28:39.000000 UTC,2022-09-08 09:51:31.000000 UTC,3.42,16.5,75,163,2
2022-09-12 12:59:44.000000 UTC,2022-09-12 13:23:57.000000 UTC,3.43,16.5,7,140,2
2022-09-12 14:44:28.000000 UTC,2022-09-12 15:07:06.000000 UTC,3.63,16.5,166,141,2
2022-09-12 14:27:53.000000 UTC,2022-09-12 14:51:57.000000 UTC,3.25,16.5,74,239,2
2022-09-17 09:40:51.000000 UTC,2022-09-17 10:03:54.000000 UTC,3.72,16.5,7,161,2
2022-09-19 14:54:05.000000 UTC,2022-09-19 15:15:54.000000 UTC,3.54,16.5,43,48,2
2022-09-25 14:26:22.000000 UTC,2022-09-25 14:42:37.000000 UTC,4.53,16.5,166,161,2
2022-09-25 15:36:13.000000 UTC,2022-09-25 15:57:05.000000 UTC,3.66,16.5,74,142,2
2022-09-25 19:43:32.000000 UTC,2022-09-25 20:03:32.000000 UTC,4.26,16.5,74,143,2
2022-09-26 12:47:45.000000 UTC,2022-09-26 13:06:18.000000 UTC,4.47,16.5,33,249,2
2022-09-27 08:58:00.000000 UTC,2022-09-27 09:09:17.000000 UTC,5.05,16.5,244,143,2
2022-09-27 13:39:22.000000 UTC,2022-09-27 13:52:03.000000 UTC,5.03,16.5,244,239,2
2022-09-27 16:00:06.000000 UTC,2022-09-27 16:21:49.000000 UTC,3.72,16.5,74,142,2
2022-09-29 08:47:16.000000 UTC,2022-09-29 09:09:37.000000 UTC,3.89,16.5,74,140,2
2022-09-29 11:43:42.000000 UTC,2022-09-29 12:08:40.000000 UTC,2.56,16.5,75,162,2
2022-09-25 10:48:27.000000 UTC,2022-09-25 11:04:10.000000 UTC,4.74,16.5,75,244,2
2022-09-10 12:42:49.000000 UTC,2022-09-10 13:05:20.000000 UTC,3.64,16.5,7,237,2
2022-09-15 08:09:40.000000 UTC,2022-09-15 08:29:43.000000 UTC,4.67,16.5,28,19,2
2022-09-05 00:17:54.000000 UTC,2022-09-05 00:37:43.000000 UTC,4.14,16.5,93,7,2
2022-09-08 00:52:36.000000 UTC,2022-09-08 01:02:59.000000 UTC,5.3,16.5,93,179,2
2022-09-11 21:34:36.000000 UTC,2022-09-11 21:54:08.000000 UTC,3.93,16.5,166,244,2
2022-09-25 21:16:28.000000 UTC,2022-09-25 21:36:41.000000 UTC,3.74,16.5,66,225,2
2022-09-25 23:49:25.000000 UTC,2022-09-26 00:11:36.000000 UTC,3.55,16.5,129,198,2
2022-09-11 03:42:49.000000 UTC,2022-09-12 03:27:53.000000 UTC,2.12,16.5,25,189,2
2022-09-08 19:21:41.000000 UTC,2022-09-08 19:43:33.000000 UTC,3.73,16.5,75,116,2
2022-09-15 17:39:26.000000 UTC,2022-09-15 18:03:41.000000 UTC,3.71,16.5,74,167,2
2022-09-16 15:45:03.000000 UTC,2022-09-16 16:09:13.000000 UTC,3.51,16.5,95,216,2
2022-09-19 08:10:01.000000 UTC,2022-09-19 08:22:43.000000 UTC,5.1,16.5,95,138,2
2022-09-19 17:26:05.000000 UTC,2022-09-19 17:51:45.000000 UTC,2.13,16.5,97,181,2
2022-09-23 12:51:10.000000 UTC,2022-09-23 13:11:13.000000 UTC,4.23,16.5,95,216,2
2022-09-27 14:01:47.000000 UTC,2022-09-27 14:16:08.000000 UTC,4.81,16.5,196,226,2
2022-09-29 23:01:42.000000 UTC,2022-09-29 23:14:20.000000 UTC,5,16.5,74,127,1
2022-09-30 18:21:15.000000 UTC,2022-09-30 18:46:27.000000 UTC,2.9,16.5,97,61,1
2022-09-30 19:12:43.000000 UTC,2022-09-30 19:34:41.000000 UTC,4.13,16.5,65,227,2
2022-09-02 03:00:04.000000 UTC,2022-09-02 03:21:58.000000 UTC,3.67,16.5,226,129,2
2022-09-03 00:57:14.000000 UTC,2022-09-03 01:15:47.000000 UTC,4.16,16.5,66,17,2
2022-09-03 20:24:02.000000 UTC,2022-09-03 20:45:57.000000 UTC,3.87,16.5,78,241,2
2022-09-03 22:03:31.000000 UTC,2022-09-03 22:22:45.000000 UTC,3.85,16.5,82,146,2
2022-09-04 22:48:44.000000 UTC,2022-09-04 23:10:57.000000 UTC,3.69,16.5,66,61,2
2022-09-06 20:42:10.000000 UTC,2022-09-06 20:50:42.000000 UTC,5.57,16.5,131,93,2
2022-09-09 02:17:15.000000 UTC,2022-09-09 02:35:36.000000 UTC,4.8,16.5,25,35,2
2022-09-09 20:32:39.000000 UTC,2022-09-09 20:51:16.000000 UTC,4.36,16.5,134,216,2
2022-09-10 02:27:59.000000 UTC,2022-09-10 02:53:38.000000 UTC,2.18,16.5,83,173,2
2022-09-10 20:17:55.000000 UTC,2022-09-10 20:37:55.000000 UTC,4.02,16.5,82,258,2
2022-09-11 00:29:13.000000 UTC,2022-09-11 00:48:12.000000 UTC,4.34,16.5,82,258,2
2022-09-12 23:12:08.000000 UTC,2022-09-12 23:28:23.000000 UTC,4.57,16.5,226,223,2
2022-09-13 00:16:18.000000 UTC,2022-09-13 00:36:40.000000 UTC,3.91,16.5,145,83,2
2022-09-13 21:28:45.000000 UTC,2022-09-13 21:42:40.000000 UTC,5.01,16.5,82,179,2
2022-09-14 05:22:10.000000 UTC,2022-09-14 05:39:03.000000 UTC,4.23,16.5,83,160,2
2022-09-14 20:58:04.000000 UTC,2022-09-14 21:20:32.000000 UTC,3.8,16.5,41,167,1
2022-09-15 04:36:03.000000 UTC,2022-09-15 04:49:45.000000 UTC,4.81,16.5,95,138,2
2022-09-16 19:59:31.000000 UTC,2022-09-16 20:18:24.000000 UTC,4.13,16.5,95,216,2
2022-09-17 03:17:36.000000 UTC,2022-09-17 03:39:21.000000 UTC,3.7,16.5,129,82,2
2022-09-17 22:17:08.000000 UTC,2022-09-17 22:39:27.000000 UTC,3.78,16.5,255,33,2
2022-09-18 01:45:11.000000 UTC,2022-09-18 02:05:24.000000 UTC,3.9,16.5,181,72,1
2022-09-18 03:02:04.000000 UTC,2022-09-18 03:16:25.000000 UTC,5.04,16.5,95,82,2
2022-09-21 20:39:14.000000 UTC,2022-09-21 20:59:25.000000 UTC,4.3,16.5,181,35,2
2022-09-21 20:58:01.000000 UTC,2022-09-21 21:09:58.000000 UTC,5.2,16.5,247,220,2
2022-09-22 21:12:36.000000 UTC,2022-09-22 21:25:51.000000 UTC,5.18,16.5,75,235,2
2022-09-25 05:51:42.000000 UTC,2022-09-25 06:03:38.000000 UTC,5.32,16.5,130,132,2
2022-09-27 20:25:01.000000 UTC,2022-09-27 20:46:54.000000 UTC,3.85,16.5,65,188,2
2022-09-29 23:26:11.000000 UTC,2022-09-29 23:45:30.000000 UTC,4.16,16.5,66,17,2
2022-09-30 21:22:49.000000 UTC,2022-09-30 21:41:05.000000 UTC,4.38,16.5,116,235,2
2022-09-19 08:06:11.000000 UTC,2022-09-19 08:29:33.000000 UTC,3.69,16.5,116,116,2
2022-09-02 11:46:14.000000 UTC,2022-09-02 12:02:22.000000 UTC,4.3,16.5,97,80,2
2022-09-02 14:24:33.000000 UTC,2022-09-02 14:38:26.000000 UTC,5.02,16.5,95,138,2
2022-09-03 12:09:07.000000 UTC,2022-09-03 12:30:03.000000 UTC,3.77,16.5,41,119,2
2022-09-03 17:22:31.000000 UTC,2022-09-03 17:39:42.000000 UTC,4.25,16.5,65,112,2
2022-09-03 17:28:29.000000 UTC,2022-09-03 17:44:09.000000 UTC,4.86,16.5,33,256,2
2022-09-04 17:56:15.000000 UTC,2022-09-04 18:14:40.000000 UTC,4.21,16.5,65,80,2
2022-09-04 19:47:09.000000 UTC,2022-09-04 20:05:39.000000 UTC,4.48,16.5,196,73,2
2022-09-06 13:59:58.000000 UTC,2022-09-06 14:17:06.000000 UTC,4.4,16.5,95,92,2
2022-09-07 10:19:12.000000 UTC,2022-09-07 10:40:14.000000 UTC,3.9,16.5,130,139,2
2022-09-07 10:18:08.000000 UTC,2022-09-07 10:34:30.000000 UTC,4.5,16.5,74,244,2
2022-09-08 13:30:49.000000 UTC,2022-09-08 13:52:20.000000 UTC,3.62,16.5,166,167,2
2022-09-09 11:44:25.000000 UTC,2022-09-09 12:08:38.000000 UTC,3.05,16.5,244,47,2
2022-09-11 15:33:35.000000 UTC,2022-09-11 15:54:51.000000 UTC,3.37,16.5,25,89,2
2022-09-12 07:31:58.000000 UTC,2022-09-12 07:51:32.000000 UTC,3.89,16.5,226,196,2
2022-09-13 09:55:51.000000 UTC,2022-09-13 10:18:08.000000 UTC,3.43,16.5,97,256,2
2022-09-14 12:39:32.000000 UTC,2022-09-14 13:01:38.000000 UTC,3.47,16.5,74,244,2
2022-09-14 14:56:40.000000 UTC,2022-09-14 15:12:53.000000 UTC,4.99,16.5,134,216,2
2022-09-14 15:29:19.000000 UTC,2022-09-14 15:51:01.000000 UTC,3.7,16.5,223,145,2
2022-09-15 15:23:38.000000 UTC,2022-09-15 15:48:03.000000 UTC,3.16,16.5,82,160,2
2022-09-16 12:08:43.000000 UTC,2022-09-16 12:32:11.000000 UTC,3.1,16.5,41,159,2
2022-09-18 14:35:41.000000 UTC,2022-09-18 14:55:13.000000 UTC,4.3,16.5,74,243,2
2022-09-18 17:54:13.000000 UTC,2022-09-18 18:19:17.000000 UTC,2.48,16.5,74,151,2
2022-09-20 07:29:41.000000 UTC,2022-09-20 07:46:27.000000 UTC,3.9,16.5,74,243,2
2022-09-20 14:49:07.000000 UTC,2022-09-20 15:03:49.000000 UTC,5.05,16.5,95,138,2
2022-09-21 07:20:34.000000 UTC,2022-09-21 07:37:26.000000 UTC,3.94,16.5,74,243,2
2022-09-22 15:32:20.000000 UTC,2022-09-22 15:51:50.000000 UTC,4.1,16.5,260,138,2
2022-09-23 07:48:23.000000 UTC,2022-09-23 08:11:39.000000 UTC,3.39,16.5,74,244,2
2022-09-24 11:55:46.000000 UTC,2022-09-24 12:17:28.000000 UTC,3.73,16.5,116,75,2
2022-09-24 16:47:48.000000 UTC,2022-09-24 17:11:10.000000 UTC,3.42,16.5,65,188,2
2022-09-24 17:21:33.000000 UTC,2022-09-24 17:43:32.000000 UTC,4.01,16.5,97,36,2
2022-09-25 07:53:32.000000 UTC,2022-09-25 08:03:35.000000 UTC,5.26,16.5,130,132,2
2022-09-25 15:55:12.000000 UTC,2022-09-25 16:17:43.000000 UTC,3.53,16.5,52,17,2
2022-09-25 18:11:49.000000 UTC,2022-09-25 18:32:38.000000 UTC,3.87,16.5,65,36,2
2022-09-26 06:49:39.000000 UTC,2022-09-26 07:02:07.000000 UTC,5.27,16.5,95,138,2
2022-09-26 09:10:28.000000 UTC,2022-09-26 09:23:53.000000 UTC,4.89,16.5,75,244,2
2022-09-28 14:57:41.000000 UTC,2022-09-28 15:11:55.000000 UTC,4.63,16.5,244,74,2
2022-09-29 15:37:50.000000 UTC,2022-09-29 16:05:01.000000 UTC,2.12,16.5,97,61,2
2022-09-30 15:46:25.000000 UTC,2022-09-30 16:12:48.000000 UTC,2.35,16.5,41,69,2
2022-09-01 08:33:58.000000 UTC,2022-09-01 08:56:45.000000 UTC,3.24,16.5,41,142,2
2022-09-03 04:31:59.000000 UTC,2022-09-03 04:49:12.000000 UTC,4.45,16.5,82,229,2
2022-09-03 09:07:29.000000 UTC,2022-09-03 09:25:42.000000 UTC,4.7,16.5,65,186,2
2022-09-03 15:35:22.000000 UTC,2022-09-03 15:56:47.000000 UTC,3.9,16.5,74,142,2
2022-09-04 07:59:51.000000 UTC,2022-09-04 08:15:28.000000 UTC,4.74,16.5,41,100,2
2022-09-04 07:22:02.000000 UTC,2022-09-04 07:35:09.000000 UTC,4.89,16.5,43,137,2
2022-09-04 12:44:29.000000 UTC,2022-09-04 13:04:58.000000 UTC,3.75,16.5,66,249,2
2022-09-04 16:45:57.000000 UTC,2022-09-04 17:07:46.000000 UTC,4.11,16.5,41,141,2
2022-09-06 09:22:55.000000 UTC,2022-09-06 09:44:40.000000 UTC,3.82,16.5,41,230,2
2022-09-06 15:19:53.000000 UTC,2022-09-06 15:33:31.000000 UTC,4.78,16.5,244,238,2
2022-09-07 08:51:20.000000 UTC,2022-09-07 09:12:01.000000 UTC,4.06,16.5,166,237,2
2022-09-07 15:21:32.000000 UTC,2022-09-07 15:47:04.000000 UTC,2.65,16.5,43,161,2
2022-09-08 10:16:56.000000 UTC,2022-09-08 10:39:35.000000 UTC,3.6,16.5,74,239,2
2022-09-08 12:08:50.000000 UTC,2022-09-08 12:34:00.000000 UTC,2.83,16.5,74,237,2
2022-09-08 13:38:38.000000 UTC,2022-09-08 14:01:15.000000 UTC,3.68,16.5,74,142,2
2022-09-08 13:12:29.000000 UTC,2022-09-08 13:32:17.000000 UTC,4.26,16.5,75,224,2
2022-09-09 08:59:06.000000 UTC,2022-09-09 09:18:55.000000 UTC,3.66,16.5,41,140,2
2022-09-09 09:54:14.000000 UTC,2022-09-09 10:17:32.000000 UTC,3.47,16.5,41,50,2
2022-09-11 11:39:38.000000 UTC,2022-09-11 12:03:29.000000 UTC,3.69,16.5,74,140,2
2022-09-11 12:47:06.000000 UTC,2022-09-11 12:59:55.000000 UTC,4.99,16.5,152,48,2
2022-09-11 16:09:37.000000 UTC,2022-09-11 16:32:22.000000 UTC,3.77,16.5,41,140,2
2022-09-12 11:16:08.000000 UTC,2022-09-12 11:39:51.000000 UTC,2.96,16.5,75,142,2
2022-09-12 14:25:25.000000 UTC,2022-09-12 14:42:45.000000 UTC,4.23,16.5,43,48,2
2022-09-13 10:33:25.000000 UTC,2022-09-13 10:57:45.000000 UTC,3.08,16.5,74,238,2
2022-09-13 15:34:22.000000 UTC,2022-09-13 15:57:48.000000 UTC,3.27,16.5,74,238,2
2022-09-14 08:44:53.000000 UTC,2022-09-14 09:04:12.000000 UTC,4.44,16.5,75,137,2
2022-09-14 08:19:19.000000 UTC,2022-09-14 08:42:32.000000 UTC,2.85,16.5,75,162,2
2022-09-15 12:48:52.000000 UTC,2022-09-15 13:11:07.000000 UTC,3.46,16.5,43,48,2
2022-09-15 15:45:05.000000 UTC,2022-09-15 16:09:30.000000 UTC,2.79,16.5,166,263,2
2022-09-16 09:16:38.000000 UTC,2022-09-16 09:35:23.000000 UTC,4.32,16.5,152,237,2
2022-09-17 11:03:09.000000 UTC,2022-09-17 11:16:26.000000 UTC,5.01,16.5,244,239,2
2022-09-17 14:35:03.000000 UTC,2022-09-17 14:58:30.000000 UTC,3.46,16.5,74,239,2
2022-09-18 15:50:06.000000 UTC,2022-09-18 16:12:45.000000 UTC,3.62,16.5,43,48,2
2022-09-20 13:22:01.000000 UTC,2022-09-20 13:43:33.000000 UTC,3.34,16.5,166,237,2
2022-09-21 07:54:36.000000 UTC,2022-09-21 08:17:57.000000 UTC,3.34,16.5,74,142,2
2022-09-21 09:04:20.000000 UTC,2022-09-21 09:29:40.000000 UTC,2.45,16.5,75,229,2
2022-09-22 08:50:50.000000 UTC,2022-09-22 09:13:24.000000 UTC,3.44,16.5,74,239,2
2022-09-22 11:32:11.000000 UTC,2022-09-22 11:56:47.000000 UTC,2.9,16.5,41,237,2
2022-09-22 11:18:29.000000 UTC,2022-09-22 11:41:00.000000 UTC,3.48,16.5,166,237,2
2022-09-23 10:05:31.000000 UTC,2022-09-23 10:29:18.000000 UTC,3.18,16.5,74,141,2
2022-09-23 15:27:46.000000 UTC,2022-09-23 15:44:42.000000 UTC,4.2,16.5,166,142,2
2022-09-24 07:33:57.000000 UTC,2022-09-24 07:57:34.000000 UTC,2.4,16.5,74,262,1
2022-09-24 09:48:50.000000 UTC,2022-09-24 10:10:24.000000 UTC,4.21,16.5,7,141,2
2022-09-25 07:48:49.000000 UTC,2022-09-25 08:05:08.000000 UTC,5.01,16.5,75,79,2
2022-09-25 09:29:19.000000 UTC,2022-09-25 09:47:03.000000 UTC,4.2,16.5,75,143,2
2022-09-26 07:40:34.000000 UTC,2022-09-26 07:56:24.000000 UTC,4.48,16.5,152,236,2
2022-09-26 08:51:05.000000 UTC,2022-09-26 09:11:27.000000 UTC,4.07,16.5,75,234,2
2022-09-27 08:10:01.000000 UTC,2022-09-27 08:24:38.000000 UTC,4.88,16.5,116,50,2
2022-09-27 10:28:17.000000 UTC,2022-09-27 10:51:19.000000 UTC,3.11,16.5,74,239,2
2022-09-27 15:14:57.000000 UTC,2022-09-27 15:38:40.000000 UTC,3.29,16.5,74,239,2
2022-09-28 10:57:59.000000 UTC,2022-09-28 11:21:35.000000 UTC,3.77,16.5,74,140,2
2022-09-28 14:43:59.000000 UTC,2022-09-28 14:59:03.000000 UTC,4.7,16.5,244,239,2
2022-09-29 09:44:16.000000 UTC,2022-09-29 10:09:00.000000 UTC,3.35,16.5,75,164,2
2022-09-29 09:17:48.000000 UTC,2022-09-29 09:43:01.000000 UTC,3.01,16.5,75,161,2
2022-09-29 13:16:13.000000 UTC,2022-09-29 13:30:34.000000 UTC,4.74,16.5,244,238,2
2022-09-12 15:56:17.000000 UTC,2022-09-12 16:20:24.000000 UTC,2.7,16.5,24,151,2
2022-09-26 14:25:52.000000 UTC,2022-09-26 14:48:49.000000 UTC,3.26,16.5,74,244,2
2022-09-04 09:05:40.000000 UTC,2022-09-04 09:21:21.000000 UTC,4.89,16.5,41,243,2
2022-09-10 16:56:47.000000 UTC,2022-09-10 17:17:07.000000 UTC,4,16.5,75,116,2
2022-09-12 14:12:12.000000 UTC,2022-09-12 14:34:40.000000 UTC,3.11,16.5,83,145,2
2022-09-13 08:26:20.000000 UTC,2022-09-13 08:43:31.000000 UTC,4.76,16.5,41,243,2
2022-09-14 13:30:17.000000 UTC,2022-09-14 13:42:58.000000 UTC,4.97,16.5,95,138,2
2022-09-16 16:47:22.000000 UTC,2022-09-16 17:11:06.000000 UTC,3.33,16.5,41,247,2
2022-09-18 08:08:32.000000 UTC,2022-09-18 08:24:18.000000 UTC,4.78,16.5,41,243,2
2022-09-23 18:00:04.000000 UTC,2022-09-23 18:21:18.000000 UTC,3.76,16.5,244,151,2
2022-09-24 12:45:16.000000 UTC,2022-09-24 12:56:26.000000 UTC,5.34,16.5,130,132,2
2022-09-27 12:10:33.000000 UTC,2022-09-27 12:28:41.000000 UTC,4,16.5,74,243,2
2022-09-28 13:06:26.000000 UTC,2022-09-28 13:32:16.000000 UTC,2.85,16.5,193,193,2
2022-09-30 10:48:48.000000 UTC,2022-09-30 11:06:03.000000 UTC,4.78,16.5,41,243,2
2022-09-11 14:02:00.000000 UTC,2022-09-11 14:21:00.000000 UTC,3.14,16.5,62,106,2
2022-09-03 17:33:30.000000 UTC,2022-09-03 17:55:49.000000 UTC,3.8,16.5,74,142,1
2022-09-05 09:50:23.000000 UTC,2022-09-05 10:09:12.000000 UTC,3.88,16.5,260,140,2
2022-09-05 13:57:18.000000 UTC,2022-09-05 14:18:39.000000 UTC,3.93,16.5,166,163,2
2022-09-06 08:03:02.000000 UTC,2022-09-06 08:25:20.000000 UTC,3.95,16.5,74,142,2
2022-09-06 10:46:58.000000 UTC,2022-09-06 11:11:42.000000 UTC,3.23,16.5,74,238,2
2022-09-08 15:28:55.000000 UTC,2022-09-08 15:54:54.000000 UTC,2.59,16.5,75,140,2
2022-09-08 15:42:50.000000 UTC,2022-09-08 16:06:49.000000 UTC,3.22,16.5,43,48,2
2022-09-14 08:52:31.000000 UTC,2022-09-14 09:14:53.000000 UTC,3.37,16.5,41,237,2
2022-09-14 15:35:38.000000 UTC,2022-09-14 16:01:54.000000 UTC,2.04,16.5,75,237,2
2022-09-18 19:01:00.000000 UTC,2022-09-18 19:22:06.000000 UTC,3.86,16.5,74,166,2
2022-09-20 15:32:54.000000 UTC,2022-09-20 15:56:28.000000 UTC,3.21,16.5,74,140,2
2022-09-29 15:30:00.000000 UTC,2022-09-29 15:54:10.000000 UTC,3,16.5,74,238,2
2022-09-21 08:04:01.000000 UTC,2022-09-21 08:30:09.000000 UTC,2.3,16.5,75,43,1
2022-09-08 13:06:54.000000 UTC,2022-09-08 13:32:46.000000 UTC,2.57,16.5,97,17,2
2022-09-22 08:24:48.000000 UTC,2022-09-22 08:39:15.000000 UTC,5.11,16.5,74,7,2
2022-09-08 17:53:55.000000 UTC,2022-09-08 18:17:20.000000 UTC,3.57,16.5,102,157,2
2022-09-03 00:21:32.000000 UTC,2022-09-03 00:38:50.000000 UTC,4.44,16.5,66,37,2
2022-09-03 23:56:36.000000 UTC,2022-09-04 00:13:24.000000 UTC,4.72,16.5,66,37,2
2022-09-03 23:30:36.000000 UTC,2022-09-03 23:45:07.000000 UTC,4.67,16.5,82,256,2
2022-09-04 20:55:11.000000 UTC,2022-09-04 21:07:51.000000 UTC,5.13,16.5,95,131,2
2022-09-04 22:21:20.000000 UTC,2022-09-04 22:41:39.000000 UTC,3.64,16.5,33,37,2
2022-09-08 02:10:14.000000 UTC,2022-09-08 02:28:08.000000 UTC,4.45,16.5,256,106,2
2022-09-10 00:27:28.000000 UTC,2022-09-10 00:47:29.000000 UTC,4.33,16.5,80,188,2
2022-09-10 22:38:51.000000 UTC,2022-09-10 22:56:11.000000 UTC,4.46,16.5,166,243,2
2022-09-11 01:17:50.000000 UTC,2022-09-11 01:31:08.000000 UTC,5.16,16.5,112,33,2
2022-09-11 21:12:58.000000 UTC,2022-09-11 21:36:07.000000 UTC,3.7,16.5,74,244,2
2022-09-11 22:58:27.000000 UTC,2022-09-11 23:12:59.000000 UTC,5.27,16.5,83,256,2
2022-09-12 21:25:54.000000 UTC,2022-09-12 21:37:29.000000 UTC,5.32,16.5,93,260,2
2022-09-17 22:33:56.000000 UTC,2022-09-17 22:51:01.000000 UTC,4.8,16.5,66,112,2
2022-09-19 22:27:00.000000 UTC,2022-09-19 22:41:56.000000 UTC,4.61,16.5,74,243,2
2022-09-20 22:09:26.000000 UTC,2022-09-20 22:21:59.000000 UTC,5.17,16.5,95,131,2
2022-09-22 21:16:11.000000 UTC,2022-09-22 21:40:41.000000 UTC,3.02,16.5,65,188,2
2022-09-23 21:10:11.000000 UTC,2022-09-23 21:30:28.000000 UTC,4.41,16.5,130,191,2
2022-09-23 23:58:18.000000 UTC,2022-09-24 00:16:28.000000 UTC,4.38,16.5,82,70,2
2022-09-24 01:17:56.000000 UTC,2022-09-24 01:35:43.000000 UTC,4.5,16.5,82,129,2
2022-09-26 00:34:19.000000 UTC,2022-09-26 00:56:08.000000 UTC,3.21,16.5,74,244,2
2022-09-26 21:27:21.000000 UTC,2022-09-26 21:39:11.000000 UTC,5.1,16.5,74,243,2
2022-09-26 21:10:24.000000 UTC,2022-09-26 21:30:22.000000 UTC,3.96,16.5,97,61,2
2022-09-29 22:15:41.000000 UTC,2022-09-29 22:29:04.000000 UTC,5.03,16.5,33,80,2
2022-09-01 19:46:09.000000 UTC,2022-09-01 20:01:22.000000 UTC,4.9,16.5,244,238,2
2022-09-04 00:23:47.000000 UTC,2022-09-04 00:42:27.000000 UTC,2.97,16.5,74,186,2
2022-09-04 20:52:56.000000 UTC,2022-09-04 21:12:13.000000 UTC,4.8,16.5,179,137,2
2022-09-04 21:34:17.000000 UTC,2022-09-04 21:53:31.000000 UTC,4.57,16.5,75,234,2
2022-09-10 03:26:34.000000 UTC,2022-09-10 03:42:29.000000 UTC,4.52,16.5,112,79,2
2022-09-10 22:57:05.000000 UTC,2022-09-10 23:17:28.000000 UTC,4.46,16.5,41,162,2
2022-09-11 00:18:17.000000 UTC,2022-09-11 00:39:55.000000 UTC,3.22,16.5,66,148,2
2022-09-11 21:26:56.000000 UTC,2022-09-11 21:49:02.000000 UTC,3.71,16.5,66,79,2
2022-09-13 21:00:20.000000 UTC,2022-09-13 21:20:57.000000 UTC,4.08,16.5,166,141,2
2022-09-14 23:27:34.000000 UTC,2022-09-14 23:42:23.000000 UTC,4.94,16.5,244,238,2
2022-09-16 22:32:13.000000 UTC,2022-09-16 22:55:56.000000 UTC,3.93,16.5,179,233,2
2022-09-19 20:42:39.000000 UTC,2022-09-19 21:02:10.000000 UTC,4.15,16.5,75,170,2
2022-09-20 23:07:47.000000 UTC,2022-09-20 23:27:45.000000 UTC,4.33,16.5,66,90,2
2022-09-22 20:24:59.000000 UTC,2022-09-22 20:46:17.000000 UTC,3.83,16.5,166,141,2
2022-09-23 21:18:19.000000 UTC,2022-09-23 21:33:07.000000 UTC,4.86,16.5,244,238,2
2022-09-24 21:54:51.000000 UTC,2022-09-24 22:16:22.000000 UTC,3.77,16.5,74,142,2
2022-09-27 20:56:23.000000 UTC,2022-09-27 21:09:02.000000 UTC,4.97,16.5,244,239,2
2022-09-08 12:44:10.000000 UTC,2022-09-08 13:07:55.000000 UTC,3.42,16.5,47,244,2
2022-09-08 13:08:29.000000 UTC,2022-09-08 13:31:54.000000 UTC,3,16.5,244,47,2
2022-09-18 18:39:16.000000 UTC,2022-09-18 18:53:09.000000 UTC,5.32,16.5,130,218,2
2022-09-29 10:29:26.000000 UTC,2022-09-29 10:42:51.000000 UTC,5.25,16.5,130,219,2
2022-09-10 12:43:53.000000 UTC,2022-09-10 13:02:24.000000 UTC,4.29,16.5,95,216,2
2022-09-06 00:42:05.000000 UTC,2022-09-06 00:59:46.000000 UTC,4.63,16.5,130,191,2
2022-09-17 04:16:49.000000 UTC,2022-09-17 04:29:50.000000 UTC,4.89,16.5,256,52,2
2022-09-25 22:12:16.000000 UTC,2022-09-25 22:29:19.000000 UTC,4.58,16.5,260,112,2
2022-09-29 11:05:32.000000 UTC,2022-09-29 11:29:55.000000 UTC,3.29,16.5,260,179,2
2022-09-15 09:42:30.000000 UTC,2022-09-15 10:05:00.000000 UTC,4.14,16.5,42,237,2
2022-09-01 17:10:56.000000 UTC,2022-09-01 17:34:50.000000 UTC,3.4,16.5,75,69,2
2022-09-02 12:43:15.000000 UTC,2022-09-02 13:05:30.000000 UTC,3.44,16.5,95,130,2
2022-09-02 17:13:08.000000 UTC,2022-09-02 17:37:11.000000 UTC,3.75,16.5,74,244,2
2022-09-05 19:25:21.000000 UTC,2022-09-05 19:43:23.000000 UTC,4.58,16.5,130,102,2
2022-09-05 19:31:13.000000 UTC,2022-09-05 19:46:13.000000 UTC,4.92,16.5,260,255,2
2022-09-06 16:35:46.000000 UTC,2022-09-06 16:58:34.000000 UTC,3.2,16.5,130,258,2
2022-09-06 18:38:06.000000 UTC,2022-09-06 18:53:50.000000 UTC,5.01,16.5,134,216,2
2022-09-07 17:17:20.000000 UTC,2022-09-07 17:42:10.000000 UTC,2.77,16.5,75,168,2
2022-09-08 19:46:26.000000 UTC,2022-09-08 20:08:29.000000 UTC,3.9,16.5,95,92,2
2022-09-13 13:11:45.000000 UTC,2022-09-13 13:32:57.000000 UTC,4.34,16.5,75,47,2
2022-09-13 16:05:58.000000 UTC,2022-09-13 16:26:34.000000 UTC,4.32,16.5,95,216,2
2022-09-13 16:43:21.000000 UTC,2022-09-13 17:05:42.000000 UTC,3.88,16.5,166,243,2
2022-09-13 18:48:52.000000 UTC,2022-09-13 19:09:04.000000 UTC,4.41,16.5,75,47,2
2022-09-13 19:04:13.000000 UTC,2022-09-13 19:19:13.000000 UTC,5.2,16.5,155,124,1
2022-09-14 17:05:12.000000 UTC,2022-09-14 17:29:50.000000 UTC,2.75,16.5,116,74,2
2022-09-16 16:24:51.000000 UTC,2022-09-16 16:41:25.000000 UTC,4.95,16.5,134,216,2
2022-09-16 17:14:25.000000 UTC,2022-09-16 17:41:57.000000 UTC,1.51,16.5,41,41,2
2022-09-16 19:37:35.000000 UTC,2022-09-16 20:02:07.000000 UTC,3.16,16.5,92,57,2
2022-09-19 16:59:33.000000 UTC,2022-09-19 17:33:42.000000 UTC,4.93,16.5,260,260,2
2022-09-19 17:18:52.000000 UTC,2022-09-19 17:43:15.000000 UTC,3,16.5,75,247,1
2022-09-19 17:58:55.000000 UTC,2022-09-19 18:16:42.000000 UTC,4.36,16.5,130,218,2
2022-09-20 16:28:46.000000 UTC,2022-09-20 16:51:50.000000 UTC,3.7,16.5,95,92,2
2022-09-20 18:31:03.000000 UTC,2022-09-20 18:51:50.000000 UTC,4.16,16.5,260,160,2
2022-09-21 16:16:00.000000 UTC,2022-09-21 16:41:16.000000 UTC,2.77,16.5,74,244,2
2022-09-21 16:28:04.000000 UTC,2022-09-21 16:48:07.000000 UTC,3.96,16.5,130,216,2
2022-09-21 17:21:22.000000 UTC,2022-09-21 17:46:47.000000 UTC,2.49,16.5,244,119,2
2022-09-22 16:08:21.000000 UTC,2022-09-22 16:27:00.000000 UTC,4.53,16.5,134,216,2
2022-09-22 19:10:18.000000 UTC,2022-09-22 19:33:20.000000 UTC,3.3,16.5,65,256,2
2022-09-23 17:48:31.000000 UTC,2022-09-23 18:09:33.000000 UTC,3.86,16.5,260,138,2
2022-09-23 18:15:49.000000 UTC,2022-09-23 18:39:15.000000 UTC,3.67,16.5,82,138,2
2022-09-23 18:42:40.000000 UTC,2022-09-23 19:11:12.000000 UTC,2.12,16.5,173,82,2
2022-09-26 17:57:48.000000 UTC,2022-09-26 18:09:23.000000 UTC,4.93,16.5,11,210,2
2022-09-26 18:25:16.000000 UTC,2022-09-26 18:41:34.000000 UTC,4.92,16.5,95,198,2
2022-09-27 18:16:04.000000 UTC,2022-09-27 18:28:43.000000 UTC,4.95,16.5,74,127,2
2022-09-28 16:40:15.000000 UTC,2022-09-28 17:05:15.000000 UTC,2.5,16.5,42,74,2
2022-09-28 17:43:08.000000 UTC,2022-09-28 17:56:46.000000 UTC,4.81,16.5,196,226,2
2022-09-28 18:15:55.000000 UTC,2022-09-28 18:32:44.000000 UTC,4.53,16.5,244,241,2
2022-09-28 21:36:47.000000 UTC,2022-09-28 21:52:34.000000 UTC,4.72,16.5,196,7,2
2022-09-29 17:03:48.000000 UTC,2022-09-29 17:27:35.000000 UTC,3.2,16.5,65,62,2
2022-09-29 19:55:09.000000 UTC,2022-09-29 20:19:32.000000 UTC,2.78,16.5,166,166,2
2022-09-29 19:40:11.000000 UTC,2022-09-29 20:01:03.000000 UTC,3.63,16.5,244,151,2
2022-09-30 16:38:08.000000 UTC,2022-09-30 17:01:58.000000 UTC,3.28,16.5,75,116,2
2022-09-21 10:01:22.000000 UTC,2022-09-21 10:19:02.000000 UTC,4.3,16.5,74,244,1
2022-09-17 15:26:31.000000 UTC,2022-09-17 15:50:00.000000 UTC,3.41,16.5,74,239,2
2022-09-24 08:48:50.000000 UTC,2022-09-24 09:05:08.000000 UTC,4.63,16.5,95,92,2
2022-09-19 11:35:31.000000 UTC,2022-09-19 11:58:54.000000 UTC,2.86,16.5,74,238,2
2022-09-14 16:28:57.000000 UTC,2022-09-14 16:54:10.000000 UTC,2.99,16.5,65,62,2
2022-09-23 11:54:17.000000 UTC,2022-09-23 12:19:35.000000 UTC,2.53,16.5,25,195,2
2022-09-28 14:52:11.000000 UTC,2022-09-28 15:15:07.000000 UTC,3.33,16.5,33,190,2
2022-09-07 21:38:12.000000 UTC,2022-09-07 21:55:56.000000 UTC,4.27,16.5,66,80,2
2022-09-02 00:43:20.000000 UTC,2022-09-02 00:59:20.000000 UTC,4.91,16.5,264,264,2
2022-09-02 13:45:17.000000 UTC,2022-09-02 14:03:57.000000 UTC,4.57,16.5,75,137,2
2022-09-05 20:14:12.000000 UTC,2022-09-05 20:34:04.000000 UTC,4.39,16.5,260,112,2
2022-09-11 01:39:52.000000 UTC,2022-09-11 01:55:42.000000 UTC,4.47,16.5,112,65,2
2022-09-14 21:20:57.000000 UTC,2022-09-14 21:34:53.000000 UTC,5,16.5,93,7,2
2022-09-25 00:36:10.000000 UTC,2022-09-25 00:55:54.000000 UTC,4.41,16.5,130,191,2
2022-09-21 16:48:15.000000 UTC,2022-09-21 17:13:20.000000 UTC,3.14,16.5,75,143,2
2022-09-29 17:44:35.000000 UTC,2022-09-29 18:06:38.000000 UTC,3.78,16.5,41,142,2
2022-09-30 17:51:49.000000 UTC,2022-09-30 18:05:53.000000 UTC,4.82,16.5,244,238,2
2022-09-07 17:49:04.000000 UTC,2022-09-07 18:13:46.000000 UTC,2.98,16.5,43,161,2
2022-09-28 23:32:17.000000 UTC,2022-09-28 23:43:49.000000 UTC,5.44,16.5,244,143,2
2022-09-01 08:25:13.000000 UTC,2022-09-01 08:48:35.000000 UTC,3.49,16.5,41,162,2
2022-09-04 12:02:42.000000 UTC,2022-09-04 12:19:49.000000 UTC,4.45,16.5,42,163,2
2022-09-04 11:53:15.000000 UTC,2022-09-04 12:14:06.000000 UTC,4.2,16.5,42,237,2
2022-09-05 01:30:20.000000 UTC,2022-09-05 01:45:38.000000 UTC,5.14,16.5,74,48,2
2022-09-05 09:20:00.000000 UTC,2022-09-05 09:37:54.000000 UTC,4.69,16.5,7,141,2
2022-09-09 09:43:14.000000 UTC,2022-09-09 10:07:00.000000 UTC,3.08,16.5,74,262,2
2022-09-10 06:43:34.000000 UTC,2022-09-10 06:58:03.000000 UTC,4.7,16.5,75,100,2
2022-09-15 08:39:36.000000 UTC,2022-09-15 09:03:25.000000 UTC,2.96,16.5,41,140,2
2022-09-17 12:50:46.000000 UTC,2022-09-17 13:07:25.000000 UTC,4.39,16.5,244,238,2
2022-09-17 16:21:31.000000 UTC,2022-09-17 16:47:02.000000 UTC,2.52,16.5,236,163,2
2022-09-20 14:57:56.000000 UTC,2022-09-20 15:21:44.000000 UTC,2.84,16.5,166,236,2
2022-09-28 10:18:54.000000 UTC,2022-09-28 10:43:59.000000 UTC,3.07,16.5,41,161,2
2022-09-28 16:54:32.000000 UTC,2022-09-28 17:16:51.000000 UTC,3.5,16.5,74,142,1
2022-09-28 17:51:57.000000 UTC,2022-09-28 18:06:28.000000 UTC,4.9,16.5,244,238,1
2022-09-01 23:31:49.000000 UTC,2022-09-01 23:43:37.000000 UTC,5.66,16.5,66,233,2
2022-09-02 23:56:22.000000 UTC,2022-09-03 00:14:09.000000 UTC,4.63,16.5,112,229,2
2022-09-03 20:26:19.000000 UTC,2022-09-03 20:47:06.000000 UTC,4.14,16.5,116,236,2
2022-09-03 21:54:59.000000 UTC,2022-09-03 22:13:47.000000 UTC,3.7,16.5,41,140,1
2022-09-07 05:26:44.000000 UTC,2022-09-07 05:44:09.000000 UTC,4.7,16.5,166,170,1
2022-09-08 20:17:14.000000 UTC,2022-09-08 20:31:47.000000 UTC,4.87,16.5,244,238,2
2022-09-10 22:18:38.000000 UTC,2022-09-10 22:34:07.000000 UTC,4.8,16.5,41,50,2
2022-09-13 22:01:58.000000 UTC,2022-09-13 22:22:13.000000 UTC,4.1,16.5,52,13,1
2022-09-20 23:26:24.000000 UTC,2022-09-20 23:46:02.000000 UTC,4.3,16.5,75,90,1
2022-09-21 20:14:02.000000 UTC,2022-09-21 20:28:19.000000 UTC,4.6,16.5,244,238,1
2022-09-22 05:45:32.000000 UTC,2022-09-22 06:04:02.000000 UTC,4.72,16.5,75,68,2
2022-09-22 21:25:57.000000 UTC,2022-09-22 21:44:17.000000 UTC,4.56,16.5,41,163,2
2022-09-30 00:48:48.000000 UTC,2022-09-30 01:03:13.000000 UTC,4.69,16.5,244,238,2
2022-09-30 05:40:35.000000 UTC,2022-09-30 06:01:04.000000 UTC,3.95,16.5,7,163,2
2022-09-19 08:28:19.000000 UTC,2022-09-19 08:43:50.000000 UTC,4.85,16.5,74,7,2
2022-09-08 21:49:54.000000 UTC,2022-09-08 22:03:13.000000 UTC,5.1,16.5,244,238,1
2022-09-21 21:55:31.000000 UTC,2022-09-21 22:09:14.000000 UTC,5,16.5,244,238,1
2022-09-25 00:13:44.000000 UTC,2022-09-25 00:26:45.000000 UTC,4.9,16.5,74,170,1
2022-09-29 20:12:55.000000 UTC,2022-09-29 20:35:34.000000 UTC,3.4,16.5,75,170,1
2022-09-06 06:51:56.000000 UTC,2022-09-06 07:06:11.000000 UTC,5.07,16.5,95,138,2
2022-09-13 06:46:54.000000 UTC,2022-09-13 07:13:44.000000 UTC,1.76,16.5,74,75,2
2022-09-16 15:46:36.000000 UTC,2022-09-16 16:08:12.000000 UTC,3.6,16.5,244,41,2
2022-09-21 15:41:17.000000 UTC,2022-09-21 16:01:54.000000 UTC,4.07,16.5,82,138,2
2022-09-22 13:00:16.000000 UTC,2022-09-22 13:25:17.000000 UTC,2.44,16.5,65,190,2
2022-09-25 17:25:51.000000 UTC,2022-09-25 17:43:21.000000 UTC,4.44,16.5,196,28,2
2022-09-30 13:02:01.000000 UTC,2022-09-30 13:24:33.000000 UTC,3.01,16.5,97,89,2
2022-09-30 18:44:59.000000 UTC,2022-09-30 19:07:37.000000 UTC,3.35,16.5,97,231,2
2022-09-03 21:45:11.000000 UTC,2022-09-03 22:07:10.000000 UTC,3.75,16.5,74,239,2
2022-09-02 22:32:41.000000 UTC,2022-09-02 22:46:10.000000 UTC,4.9,16.5,244,238,1
2022-09-05 20:30:13.000000 UTC,2022-09-05 20:42:07.000000 UTC,5.31,16.5,41,143,2
2022-09-17 03:02:04.000000 UTC,2022-09-17 03:18:29.000000 UTC,4.73,16.5,74,48,2
2022-09-23 17:05:09.000000 UTC,2022-09-23 17:25:33.000000 UTC,4.65,16.5,82,138,2
2022-09-25 09:24:35.000000 UTC,2022-09-25 09:43:21.000000 UTC,4.65,16.5,7,142,2
2022-09-28 19:57:19.000000 UTC,2022-09-28 20:21:19.000000 UTC,2.9,16.5,43,164,1
2022-09-08 16:14:14.000000 UTC,2022-09-08 16:40:05.000000 UTC,2.03,16.5,75,141,2
2022-09-16 17:37:11.000000 UTC,2022-09-16 18:00:30.000000 UTC,3.2,16.5,74,239,1
2022-09-28 01:04:52.000000 UTC,2022-09-28 01:17:40.000000 UTC,5.02,16.5,244,151,2
2022-09-02 08:41:02.000000 UTC,2022-09-02 08:52:29.000000 UTC,5.11,16.5,116,50,2
2022-09-02 14:33:34.000000 UTC,2022-09-02 14:55:01.000000 UTC,3.85,16.5,166,163,2
2022-09-07 09:05:13.000000 UTC,2022-09-07 09:28:55.000000 UTC,3.42,16.5,41,161,2
2022-09-07 12:42:56.000000 UTC,2022-09-07 13:07:04.000000 UTC,3.46,16.5,74,239,2
2022-09-08 09:41:05.000000 UTC,2022-09-08 10:06:47.000000 UTC,2.87,16.5,75,162,2
2022-09-08 10:12:54.000000 UTC,2022-09-08 10:37:44.000000 UTC,3.32,16.5,43,162,2
2022-09-10 12:53:51.000000 UTC,2022-09-10 13:16:14.000000 UTC,3.27,16.5,74,239,2
2022-09-13 10:24:09.000000 UTC,2022-09-13 10:49:30.000000 UTC,2.69,16.5,75,161,2
2022-09-14 09:00:04.000000 UTC,2022-09-14 09:23:00.000000 UTC,3.77,16.5,41,230,2
2022-09-15 08:29:08.000000 UTC,2022-09-15 08:42:50.000000 UTC,5.07,16.5,116,50,2
2022-09-18 08:25:36.000000 UTC,2022-09-18 08:38:03.000000 UTC,5.11,16.5,74,162,2
2022-09-20 18:21:56.000000 UTC,2022-09-20 18:48:33.000000 UTC,1.45,16.5,43,43,2
2022-09-21 09:18:40.000000 UTC,2022-09-21 09:41:40.000000 UTC,3.02,16.5,7,229,2
2022-09-21 14:22:06.000000 UTC,2022-09-21 14:46:53.000000 UTC,2.42,16.5,41,236,2
2022-09-22 14:43:17.000000 UTC,2022-09-22 15:09:11.000000 UTC,2.01,16.5,75,43,2
2022-09-22 13:58:19.000000 UTC,2022-09-22 14:22:58.000000 UTC,3.11,16.5,75,239,2
2022-09-23 06:18:16.000000 UTC,2022-09-23 06:36:12.000000 UTC,4.91,16.5,74,68,2
2022-09-23 13:55:37.000000 UTC,2022-09-23 14:19:43.000000 UTC,3.17,16.5,42,239,2
2022-09-23 15:47:58.000000 UTC,2022-09-23 16:10:45.000000 UTC,3.31,16.5,43,48,2
2022-09-28 11:50:07.000000 UTC,2022-09-28 12:14:36.000000 UTC,3.34,16.5,75,140,2
2022-09-29 06:16:51.000000 UTC,2022-09-29 06:28:19.000000 UTC,5.34,16.5,244,238,2
2022-09-13 15:30:11.000000 UTC,2022-09-13 15:53:55.000000 UTC,3.5,16.5,74,244,1
2022-09-22 16:32:45.000000 UTC,2022-09-22 16:59:20.000000 UTC,1.9,16.5,74,152,1
2022-09-06 19:06:30.000000 UTC,2022-09-06 19:24:34.000000 UTC,4.7,16.5,82,130,1
2022-09-12 15:59:21.000000 UTC,2022-09-12 16:24:36.000000 UTC,2.8,16.5,25,188,1
2022-09-12 18:23:53.000000 UTC,2022-09-12 18:45:20.000000 UTC,3.8,16.5,255,146,1
2022-09-12 18:59:36.000000 UTC,2022-09-12 19:17:02.000000 UTC,4.7,16.5,66,4,1
2022-09-29 17:51:22.000000 UTC,2022-09-29 18:11:56.000000 UTC,4.3,16.5,75,137,1
2022-09-30 19:53:45.000000 UTC,2022-09-30 20:15:19.000000 UTC,3.8,16.5,74,140,1
2022-09-04 13:40:26.000000 UTC,2022-09-04 13:55:53.000000 UTC,4.45,16.5,74,223,2
2022-09-30 19:20:29.000000 UTC,2022-09-30 19:38:58.000000 UTC,3.91,16.5,74,223,2
2022-09-03 10:13:08.000000 UTC,2022-09-03 10:32:53.000000 UTC,3.8,16.5,7,140,1
2022-09-12 09:22:57.000000 UTC,2022-09-12 09:41:03.000000 UTC,4,16.5,74,140,1
2022-09-14 09:18:10.000000 UTC,2022-09-14 09:42:55.000000 UTC,3.29,16.5,41,237,2
2022-09-27 10:20:22.000000 UTC,2022-09-27 10:44:42.000000 UTC,2.92,16.5,24,262,2
2022-09-29 15:19:39.000000 UTC,2022-09-29 15:43:03.000000 UTC,3.13,16.5,75,142,2
2022-09-14 12:37:05.000000 UTC,2022-09-14 13:03:12.000000 UTC,2.62,16.5,74,140,2
2022-09-03 17:29:18.000000 UTC,2022-09-03 17:53:58.000000 UTC,2.36,16.5,74,194,2
2022-09-01 16:22:28.000000 UTC,2022-09-01 16:45:05.000000 UTC,3.48,16.5,74,238,2
2022-09-02 08:19:23.000000 UTC,2022-09-02 08:32:21.000000 UTC,5.22,16.5,75,137,2
2022-09-02 16:59:58.000000 UTC,2022-09-02 17:23:03.000000 UTC,3.5,16.5,75,230,2
2022-09-02 17:07:45.000000 UTC,2022-09-02 17:29:07.000000 UTC,3.6,16.5,166,237,1